Name,Games Played,Minutes Played,Points Per Game,Field Goals Made,Field Goals Attempts,Field Goal %,3 Points Made,3 Points Attempts,3 Points %,Free Throws Made,Free Throws Attempts,Free Throws %,Offensive Rebounds,Defensive Rebounds,Rebounds,Assists,Steals,Blocks,Turnovers,TARGET_5Yrs
Malik Sealy,58.0,11.6,5.7,2.3,5.5,42.6,0.1,0.5,22.6,0.9,1.3,68.9,1.0,0.9,1.9,0.8,0.6,0.1,1.0,1
Elmore Spencer,44.0,6.4,2.4,1.0,1.9,53.7,0.0,0.0,0.0,0.4,0.7,50.0,0.4,1.0,1.4,0.2,0.2,0.4,0.6,1
John Crotty,40.0,6.1,2.6,0.9,1.8,51.4,0.1,0.4,14.3,0.7,1.0,68.4,0.1,0.3,0.4,1.4,0.3,0.0,0.8,1
Stacey Augmon,82.0,30.5,13.3,5.4,11.0,48.9,0.0,0.1,16.7,2.6,3.9,66.6,2.3,2.8,5.1,2.5,1.5,0.3,2.2,1
Larry Stewart,76.0,29.3,10.4,4.0,7.8,51.4,0.0,0.0,0.0,2.5,3.1,80.7,2.4,3.5,5.9,1.6,0.7,0.6,1.5,1
Doug Smith,76.0,22.5,8.8,3.8,9.2,41.5,0.0,0.1,0.0,1.2,1.6,73.6,1.7,3.4,5.1,1.7,0.8,0.5,1.3,1
Donald Hodge,51.0,20.7,8.4,3.2,6.4,49.7,0.0,0.0,0.0,2.0,2.9,66.7,2.3,3.1,5.4,0.8,0.5,0.5,1.5,1
Terrell Brandon,82.0,19.6,7.4,3.1,7.3,41.9,0.0,0.3,4.3,1.2,1.5,80.6,0.6,1.4,2.0,3.9,1.0,0.3,1.7,1
Bison Dele,48.0,18.9,9.1,3.6,6.8,52.8,0.0,0.0,0.0,2.0,3.0,66.9,2.4,3.3,5.7,0.7,0.8,1.1,1.8,1
Tracy Moore,42.0,18.6,8.5,3.1,7.7,40.0,0.7,2.0,35.7,1.5,1.9,83.3,0.7,1.2,2.0,1.1,0.8,0.1,1.1,1
Greg Anthony,82.0,18.4,5.5,2.0,5.3,37.0,0.1,0.7,14.5,1.4,1.9,74.1,0.4,1.3,1.7,3.8,0.7,0.1,1.2,1
Victor Alexander,80.0,16.9,7.4,3.0,5.7,52.9,0.0,0.0,0.0,1.3,1.9,69.1,1.3,2.9,4.2,0.4,0.6,0.8,1.1,1
David Benoit,77.0,15.1,5.6,2.3,4.9,46.7,0.0,0.2,21.4,1.1,1.3,81.0,1.4,2.5,3.8,0.4,0.3,0.6,0.9,1
Chris Gatling,54.0,11.3,5.7,2.2,3.8,56.8,0.0,0.1,0.0,1.3,2.0,66.1,1.4,2.0,3.4,0.3,0.6,0.7,0.8,1
Eric Murdock,50.0,9.6,4.1,1.5,3.7,41.5,0.1,0.5,19.2,0.9,1.2,75.4,0.4,0.7,1.1,1.8,0.6,0.1,1.0,1
Elliot Perry,50.0,8.7,2.5,1.0,2.6,38.0,0.0,0.1,14.3,0.5,0.8,65.9,0.3,0.5,0.8,1.6,0.7,0.1,1.0,1
Marty Conlon,45.0,8.5,2.7,1.1,2.2,47.5,0.0,0.0,0.0,0.5,0.7,75.0,0.7,0.8,1.5,0.3,0.2,0.2,0.6,1
Willie Burton,76.0,25.4,12.0,4.5,10.2,44.1,0.1,0.4,13.3,3.0,3.9,78.2,1.5,2.0,3.4,1.4,0.9,0.3,1.9,1
Dee Brown,49.0,9.2,1.9,0.7,2.0,32.7,0.1,0.6,21.4,0.5,0.8,64.9,0.2,0.7,0.8,1.7,0.5,0.1,0.6,1
Kendall Gill,82.0,23.7,11.0,4.6,10.2,45.0,0.0,0.2,14.3,1.9,2.2,83.5,1.3,1.9,3.2,3.7,1.3,0.5,2.0,1
Danny Ferry,81.0,20.5,8.6,3.4,7.9,42.8,0.3,1.0,29.9,1.5,1.9,81.6,1.2,2.3,3.5,1.8,0.5,0.3,1.5,1
Mario Elie,33.0,19.5,7.2,2.4,4.8,49.7,0.1,0.3,40.0,2.3,2.7,84.3,1.4,1.9,3.3,1.4,0.6,0.3,0.9,1
Bimbo Coles,82.0,16.5,4.9,2.0,4.8,41.2,0.1,0.4,17.6,0.9,1.2,74.7,0.7,1.2,1.9,2.8,0.8,0.1,1.2,1
Loy Vaught,73.0,16.1,5.5,2.4,4.9,48.7,0.0,0.0,0.0,0.7,1.0,66.2,1.7,3.1,4.8,0.5,0.3,0.3,0.7,1
Tyrone Hill,74.0,16.1,5.3,2.0,4.0,49.2,0.0,0.0,0.0,1.3,2.1,63.2,2.1,3.1,5.2,0.3,0.5,0.4,1.0,1
Terry Mills,55.0,14.9,5.7,2.4,5.2,46.5,0.0,0.1,0.0,0.9,1.2,71.2,1.5,2.7,4.2,0.6,0.6,0.5,0.8,1
Henry James,37.0,13.6,8.1,3.0,6.9,44.1,0.6,1.6,40.0,1.4,1.9,72.2,0.7,1.4,2.1,0.9,0.4,0.1,1.0,1
Cedric Ceballos,63.0,11.6,8.2,3.2,6.7,48.7,0.0,0.1,16.7,1.7,2.6,66.3,1.2,1.2,2.4,0.6,0.3,0.1,1.1,1
Greg Foster,54.0,11.2,4.4,1.8,3.9,46.0,0.0,0.1,0.0,0.8,1.1,68.9,1.0,1.8,2.8,0.7,0.2,0.4,0.8,1
Steve Henson,68.0,10.1,3.1,1.2,2.8,41.8,0.3,0.8,33.3,0.6,0.6,90.5,0.2,0.5,0.8,1.9,0.5,0.0,0.6,1
Dwayne Schintzius,42.0,9.5,3.8,1.6,3.7,43.9,0.0,0.0,0.0,0.5,1.0,55.0,0.7,2.2,2.9,0.4,0.1,0.7,0.8,1
Sean Higgins,50.0,9.3,4.5,1.9,4.2,45.8,0.1,0.4,15.8,0.6,0.7,84.8,0.4,0.9,1.3,0.7,0.2,0.0,1.0,1
Elden Campbell,52.0,7.3,2.8,1.1,2.4,45.5,0.0,0.0,0.0,0.6,0.9,65.3,0.8,1.1,1.8,0.2,0.2,0.7,0.3,1
Keith Askins,39.0,6.8,2.2,0.9,2.1,42.0,0.2,0.6,24.0,0.3,0.6,48.0,0.8,1.0,1.7,0.5,0.4,0.3,0.3,1
Steve Scheffler,39.0,5.8,1.5,0.5,1.0,51.3,0.0,0.0,0.0,0.5,0.5,90.5,0.5,0.6,1.2,0.2,0.1,0.1,0.1,1
Glen Rice,77.0,30.0,13.6,6.1,13.9,43.9,0.2,0.9,24.6,1.2,1.6,73.4,1.3,3.3,4.6,1.8,0.9,0.3,1.5,1
Sean Elliott,81.0,25.1,10.0,3.8,8.0,48.1,0.0,0.1,11.1,2.3,2.7,86.6,1.6,2.1,3.7,1.9,0.6,0.2,1.4,1
Blue Edwards,82.0,23.0,8.9,3.5,6.9,50.7,0.1,0.4,30.0,1.8,2.5,71.9,0.8,2.2,3.1,1.8,0.9,0.4,1.9,1
Stacey King,82.0,21.7,8.9,3.3,6.5,50.4,0.0,0.0,0.0,2.4,3.3,72.7,2.1,2.6,4.7,1.1,0.5,0.7,1.4,1
Chucky Brown,75.0,17.9,7.3,2.8,6.0,47.0,0.0,0.1,0.0,1.7,2.2,76.2,1.1,2.0,3.1,0.7,0.4,0.3,0.9,1
Todd Lichti,79.0,16.8,8.0,3.2,6.5,48.6,0.0,0.2,0.0,1.6,2.2,74.7,0.6,1.3,1.9,1.5,0.7,0.2,1.2,1
B.J. Armstrong,81.0,15.9,5.6,2.3,4.8,48.5,0.0,0.1,50.0,0.9,1.0,88.5,0.2,1.0,1.3,2.5,0.6,0.1,1.0,1
Shawn Kemp,81.0,13.8,6.5,2.5,5.2,47.9,0.0,0.1,16.7,1.4,2.0,73.6,1.8,2.5,4.3,0.3,0.6,0.9,1.3,1
Tom Hammonds,61.0,13.2,5.3,2.1,4.8,43.7,0.0,0.0,0.0,1.0,1.6,64.3,1.0,1.8,2.8,0.8,0.2,0.2,0.8,1
Donald Royal,66.0,11.3,5.9,1.8,3.9,45.9,0.0,0.0,0.0,2.3,3.0,77.7,1.0,1.0,2.1,0.7,0.5,0.1,1.2,1
Greg Grant,67.0,10.1,3.1,1.2,3.2,38.4,0.0,0.2,18.8,0.6,0.9,66.1,0.2,0.6,0.9,2.5,0.5,0.0,1.1,1
Michael Smith,65.0,9.5,5.0,2.1,4.4,47.6,0.0,0.4,7.1,0.8,1.0,82.8,0.6,0.9,1.5,1.2,0.1,0.0,0.8,1
Michael Smith,82.0,21.2,6.9,2.7,5.0,54.2,0.0,0.0,0.0,1.5,3.2,48.5,2.1,3.8,5.9,0.8,0.7,0.6,1.3,1
George McCloud,44.0,9.4,2.7,1.0,3.3,31.3,0.3,0.9,32.5,0.3,0.4,78.9,0.3,0.7,1.0,1.0,0.4,0.1,0.8,1
Charles Smith,60.0,8.7,2.9,1.0,2.2,44.4,0.0,0.1,0.0,0.9,1.3,69.7,0.2,0.9,1.2,1.7,0.6,0.1,0.6,1
Charles Smith,34.0,8.6,3.5,1.4,3.7,39.2,0.4,1.4,31.9,0.2,0.3,54.5,0.4,0.4,0.8,0.6,0.3,0.2,0.8,1
Doug West,52.0,7.3,2.6,1.0,2.6,39.3,0.1,0.2,27.3,0.5,0.6,81.3,0.5,0.9,1.3,0.3,0.2,0.1,0.6,1
Adrian Caldwell,51.0,6.5,1.9,0.8,1.5,55.3,0.0,0.0,0.0,0.3,0.5,46.4,0.7,1.4,2.1,0.1,0.2,0.3,0.6,1
Hersey Hawkins,79.0,32.6,15.1,5.6,12.3,45.5,0.9,2.1,42.8,3.1,3.7,83.1,0.6,2.2,2.8,3.0,1.5,0.5,2.0,1
Chris Morris,76.0,27.6,14.1,5.4,11.9,45.7,0.8,2.3,36.6,2.4,3.3,71.7,2.5,2.8,5.2,1.6,1.3,0.8,2.5,1
Dan Majerle,54.0,25.1,8.6,3.4,8.0,41.9,0.5,1.5,32.9,1.4,2.4,61.4,1.1,2.7,3.9,2.4,1.2,0.3,0.9,1
Vinny Del Negro,80.0,19.5,7.1,3.0,6.3,47.5,0.1,0.3,30.0,1.1,1.3,85.0,0.6,1.5,2.1,2.6,0.8,0.2,1.0,1
Harvey Grant,71.0,16.8,5.6,2.5,5.5,46.4,0.0,0.0,0.0,0.5,0.8,59.6,1.1,1.2,2.3,1.1,0.5,0.4,0.4,1
Rod Strickland,81.0,16.8,8.9,3.3,7.0,46.7,0.2,0.7,32.2,2.1,2.9,74.5,0.6,1.3,2.0,3.9,1.2,0.0,1.8,1
Scott Brooks,82.0,16.7,5.2,1.9,4.5,42.0,0.7,1.9,35.9,0.7,0.8,88.4,0.2,0.9,1.1,3.7,0.8,0.0,0.8,1
Mark Bryant,56.0,14.3,5.0,2.1,4.4,48.6,0.0,0.0,0.0,0.7,1.2,58.0,1.2,2.0,3.2,0.6,0.4,0.1,0.7,1
Mark Bryant,36.0,7.0,1.6,0.7,1.6,43.1,0.0,0.0,0.0,0.3,0.4,69.2,0.7,1.2,1.9,0.2,0.1,0.1,0.3,1
Eric Leckner,75.0,10.4,4.3,1.6,2.9,54.5,0.0,0.0,0.0,1.1,1.5,69.9,0.6,2.0,2.7,0.2,0.1,0.3,0.9,1
Tim Perry,62.0,9.9,4.1,1.7,3.2,53.7,0.0,0.1,25.0,0.6,1.0,61.5,1.0,1.1,2.1,0.3,0.3,0.5,0.6,1
Jim Les,82.0,9.5,1.7,0.5,1.6,30.1,0.0,0.2,7.1,0.7,0.9,78.1,0.3,0.8,1.1,2.6,0.3,0.1,1.1,1
John Starks,36.0,8.8,4.1,1.4,3.5,40.8,0.3,0.7,38.5,0.9,1.4,65.4,0.4,0.7,1.1,0.8,0.6,0.1,1.1,1
Andrew Lang,62.0,8.5,2.6,1.0,1.9,51.3,0.0,0.0,0.0,0.6,1.0,65.0,0.9,1.5,2.4,0.1,0.3,0.8,0.5,1
Charles Shackleford,60.0,8.1,3.1,1.4,2.8,49.4,0.0,0.0,0.0,0.4,0.7,50.0,0.8,1.7,2.6,0.4,0.3,0.3,0.5,1
Morlon Wiley,51.0,8.0,2.2,0.9,2.2,40.4,0.1,0.5,25.0,0.3,0.3,81.3,0.3,0.7,0.9,1.5,0.5,0.1,0.7,1
Randolph Keys,42.0,7.9,4.0,1.8,4.1,43.0,0.0,0.2,10.0,0.5,0.7,69.0,0.5,0.8,1.3,0.5,0.3,0.1,0.5,1
Mark Davis,33.0,7.8,3.8,1.5,3.1,48.0,0.0,0.3,10.0,0.8,1.0,82.4,0.5,0.6,1.1,0.4,0.4,0.1,0.4,1
Micheal Williams,49.0,7.3,2.6,1.0,2.6,36.4,0.0,0.2,22.2,0.6,1.0,66.0,0.2,0.4,0.6,1.4,0.3,0.1,0.9,1
Avery Johnson,43.0,6.8,1.6,0.7,1.9,34.9,0.0,0.2,11.1,0.2,0.4,56.3,0.3,0.3,0.6,1.7,0.5,0.1,0.4,1
Jack Haley,51.0,5.7,2.2,0.7,1.5,47.4,0.0,0.0,0.0,0.7,0.9,78.3,0.4,1.0,1.4,0.2,0.2,0.0,0.5,1
Duane Ferrell,41.0,5.6,2.4,0.9,2.0,42.2,0.0,0.0,0.0,0.7,1.1,68.2,0.5,0.5,1.0,0.2,0.2,0.1,0.3,1
Joe Wolf,42.0,27.1,7.6,3.2,8.0,40.7,0.1,0.4,20.0,1.1,1.3,83.3,1.2,3.2,4.5,2.3,0.9,0.4,1.8,1
Horace Grant,81.0,22.6,7.7,3.1,6.3,50.1,0.0,0.0,0.0,1.4,2.2,62.6,1.9,3.6,5.5,1.1,0.6,0.7,1.1,1
Reggie Miller*,82.0,22.4,10.0,3.7,7.6,48.8,0.7,2.1,35.5,1.8,2.3,80.1,1.2,1.2,2.3,1.6,0.7,0.2,1.2,1
Dennis Hopson,61.0,22.4,9.6,3.6,9.0,40.4,0.2,0.7,26.7,2.1,2.9,74.0,1.0,1.3,2.3,1.9,0.9,0.4,1.9,1
Ken Norman,66.0,21.7,8.6,3.7,7.6,48.2,0.0,0.2,0.0,1.3,2.6,51.2,1.5,2.5,4.0,1.2,0.7,0.5,1.6,1
Derrick McKey,82.0,20.8,8.5,3.1,6.3,49.1,0.1,0.4,36.7,2.1,2.7,77.2,1.4,2.6,4.0,1.3,0.8,0.8,1.3,1
Tellis Frank,78.0,20.5,8.1,3.1,7.2,42.8,0.0,0.0,0.0,1.9,2.7,72.5,1.2,3.0,4.2,1.4,0.7,0.3,1.4,1
Dave Hoppen,39.0,16.5,5.7,2.2,4.7,45.9,0.0,0.0,0.0,1.4,1.6,87.1,1.5,3.0,4.5,0.8,0.3,0.1,0.9,1
Brad Lohaus,70.0,10.3,4.2,1.7,3.5,49.6,0.0,0.2,23.1,0.7,0.9,80.6,0.7,1.3,2.0,0.7,0.3,0.6,0.8,1
Chris Dudley,55.0,9.3,3.1,1.2,2.5,47.4,0.0,0.0,0.0,0.7,1.3,56.3,1.3,1.3,2.6,0.4,0.2,0.3,0.6,1
Reggie Lewis,49.0,8.3,4.5,1.8,3.9,46.6,0.0,0.1,0.0,0.8,1.2,70.2,0.6,0.7,1.3,0.5,0.3,0.3,0.6,1
Bart Kofoed,36.0,6.3,1.3,0.5,1.3,37.5,0.1,0.2,28.6,0.2,0.4,61.5,0.1,0.3,0.4,0.6,0.2,0.0,0.5,1
Kenny Walker,68.0,25.3,10.4,4.2,8.5,49.1,0.0,0.1,0.0,2.1,2.7,75.7,1.7,3.2,5.0,1.1,0.7,0.7,1.1,1
Brad Sellers,80.0,21.9,8.5,3.5,7.6,45.5,0.0,0.1,20.0,1.6,2.2,72.8,1.9,2.7,4.7,1.3,0.6,0.8,1.1,1
David Wingate,77.0,20.9,8.8,3.4,7.8,43.0,0.2,0.7,25.0,1.9,2.6,74.1,0.9,1.1,2.0,2.0,1.2,0.3,1.7,1
Johnny Dawkins,81.0,20.8,10.3,4.1,9.4,43.7,0.2,0.6,29.8,1.9,2.4,80.1,0.7,1.4,2.1,3.6,0.8,0.0,1.5,1
William Bedford,50.0,19.6,6.7,2.8,7.2,39.7,0.0,0.0,0.0,1.0,1.7,58.1,1.6,3.3,4.9,1.1,0.4,0.7,1.7,1
Roy Tarpley,75.0,18.7,7.5,3.1,6.7,46.7,0.0,0.0,33.3,1.3,1.9,67.6,2.4,4.7,7.1,0.7,0.8,1.1,1.4,1
Mark Price,67.0,18.2,6.9,2.6,6.3,40.8,0.3,1.0,32.9,1.4,1.7,83.3,0.5,1.3,1.7,3.0,0.6,0.1,1.6,1
Mark Alarie,64.0,17.3,7.9,3.4,6.9,49.0,0.0,0.1,22.2,1.0,1.6,66.3,1.1,2.2,3.3,1.2,0.3,0.4,0.9,1
Ben Coleman,68.0,15.1,6.6,2.7,4.6,58.1,0.0,0.0,0.0,1.3,1.8,72.7,1.5,2.8,4.2,0.5,0.5,0.5,1.4,1
Dennis Rodman*,77.0,15.0,6.5,2.8,5.1,54.5,0.0,0.0,0.0,1.0,1.6,58.7,2.1,2.2,4.3,0.7,0.5,0.6,1.2,1
Larry Krystkowiak,68.0,14.8,6.6,2.5,5.5,45.6,0.0,0.2,8.3,1.6,2.2,74.3,1.1,2.4,3.5,1.3,0.3,0.2,1.0,1
Kenny Gattison,77.0,14.3,5.2,1.9,4.0,47.6,0.0,0.0,0.0,1.4,2.2,63.2,1.1,2.4,3.5,0.5,0.3,0.4,1.1,1
Tim Kempton,66.0,14.2,4.4,1.5,3.1,47.1,0.0,0.0,0.0,1.4,2.1,69.3,1.1,1.9,2.9,0.8,0.6,0.2,0.7,1
Kevin Duckworth,65.0,13.5,5.4,2.0,4.2,47.6,0.0,0.0,0.0,1.4,2.1,68.7,1.2,2.3,3.4,0.4,0.3,0.3,1.2,1
Mike Brown,62.0,13.2,4.2,1.7,3.2,52.7,0.0,0.0,0.0,0.7,1.2,63.9,1.1,2.3,3.5,0.4,0.3,0.1,0.9,1
Billy Thompson,59.0,12.9,5.6,2.4,4.4,54.4,0.0,0.0,0.0,0.8,1.3,64.9,1.2,1.7,2.9,1.0,0.3,0.5,1.0,1
Rafael Addison,62.0,11.5,5.8,2.4,5.3,44.1,0.3,0.8,32.0,0.8,1.0,79.7,0.7,1.0,1.7,0.7,0.4,0.1,0.9,1
Johnny Newman,59.0,10.7,5.0,1.9,4.7,41.1,0.0,0.4,4.5,1.1,1.3,86.8,0.6,0.6,1.2,0.5,0.3,0.1,0.8,1
Dell Curry,67.0,9.5,4.9,2.1,4.9,42.6,0.3,0.9,28.3,0.4,0.6,78.9,0.4,0.7,1.2,0.9,0.4,0.1,0.7,1
Buck Johnson,60.0,8.7,3.8,1.6,3.4,46.8,0.0,0.0,0.0,0.7,1.0,69.0,0.6,0.8,1.5,0.7,0.3,0.3,0.6,1
Dave Feitl,62.0,8.0,3.7,1.4,3.3,43.6,0.0,0.0,0.0,0.9,1.1,74.6,0.6,1.3,1.9,0.4,0.1,0.1,0.6,1
Wayman Tisdale,81.0,28.1,14.7,6.4,12.4,51.5,0.0,0.0,0.0,2.0,2.9,68.4,2.4,4.9,7.2,1.0,0.4,0.5,2.3,1
Gerald Wilkins,81.0,25.0,12.5,5.4,11.5,46.8,0.1,0.3,28.0,1.6,2.9,55.7,1.1,1.4,2.6,2.0,0.8,0.1,1.9,1
Ed Pinckney,80.0,20.0,8.5,3.2,5.7,55.8,0.0,0.0,0.0,2.1,3.2,67.3,1.2,2.7,3.9,1.1,0.9,0.5,1.9,1
A.C. Green,82.0,18.8,6.4,2.5,4.7,53.9,0.0,0.1,16.7,1.2,2.0,61.1,2.0,2.7,4.6,0.7,0.6,0.6,1.2,1
Bob Thornton,71.0,18.6,4.7,1.8,3.9,45.6,0.0,0.0,0.0,1.2,2.3,53.1,1.6,2.5,4.1,0.6,0.4,0.1,1.2,1
Terry Catledge,64.0,17.1,7.7,3.2,6.7,46.9,0.0,0.1,0.0,1.4,2.2,64.7,1.7,2.6,4.3,0.3,0.5,0.1,1.1,1
Joe Kleine,80.0,14.8,5.2,2.0,4.3,46.5,0.0,0.0,0.0,1.2,1.6,72.3,1.4,3.3,4.7,0.6,0.3,0.4,1.3,1
John Battle,64.0,10.0,4.3,1.6,3.5,45.5,0.0,0.1,0.0,1.2,1.6,72.8,0.2,0.8,1.0,1.2,0.4,0.1,0.7,1
Jerry Reynolds,55.0,9.2,3.7,1.3,2.9,44.4,0.0,0.0,50.0,1.1,1.9,55.8,0.7,0.8,1.5,1.6,0.8,0.3,0.9,1
Steve Harris,57.0,8.5,4.5,1.8,4.1,44.2,0.0,0.1,20.0,0.9,0.9,92.6,0.4,0.6,1.0,0.9,0.4,0.1,0.6,1
Sam Vincent,57.0,7.6,3.2,1.0,2.8,36.4,0.0,0.1,25.0,1.1,1.2,92.9,0.2,0.6,0.8,1.2,0.3,0.1,0.9,1
Vern Fleming,80.0,31.1,14.1,5.4,11.5,47.0,0.0,0.1,0.0,3.3,4.2,76.7,1.9,2.2,4.0,3.1,1.2,0.1,2.5,1
Kevin Willis,82.0,21.8,9.3,3.9,8.4,46.7,0.0,0.1,22.2,1.5,2.2,65.7,2.2,4.2,6.4,0.4,0.4,0.6,1.3,1
Tim McCormick,78.0,20.3,9.3,3.4,6.2,55.7,0.0,0.0,0.0,2.4,3.4,71.5,1.9,3.2,5.1,1.0,0.2,0.4,1.5,1
Charles Jones,78.0,20.1,8.4,3.0,5.8,52.0,0.0,0.1,0.0,2.3,3.6,64.8,1.8,3.3,5.1,1.6,0.6,0.8,1.8,1
Jeff Turner,72.0,19.8,5.8,2.4,5.2,45.4,0.0,0.0,0.0,1.1,1.3,85.9,1.2,1.8,3.0,1.5,0.4,0.1,1.3,1
Tony Brown,82.0,19.3,6.6,2.6,5.7,46.0,0.0,0.1,0.0,1.4,2.1,67.8,1.8,1.7,3.5,1.9,0.7,0.1,1.4,1
Steve Colter,78.0,18.7,7.1,2.8,6.1,45.3,0.3,0.9,35.1,1.3,1.7,75.4,0.5,1.4,1.9,3.1,1.0,0.1,1.4,1
Ken Bannister,75.0,18.7,6.8,2.8,5.9,47.0,0.0,0.0,0.0,1.2,2.6,47.4,1.4,3.0,4.4,0.5,0.5,0.5,1.9,1
Eddie Lee Wilkins,54.0,17.0,5.5,2.1,4.3,49.8,0.0,0.0,0.0,1.2,2.3,54.1,1.6,3.3,4.9,0.3,0.4,0.3,1.2,1
Ron Anderson,36.0,14.4,5.8,2.3,5.4,43.1,0.0,0.1,50.0,1.1,1.4,82.0,1.1,1.4,2.4,0.9,0.3,0.2,0.9,1
Frank Brickowski,78.0,14.3,4.9,1.9,3.9,49.2,0.0,0.1,0.0,1.1,1.6,66.9,1.0,2.4,3.3,1.3,0.4,0.2,1.3,1
Jerome Kersey,77.0,12.4,6.1,2.3,4.8,47.8,0.0,0.0,0.0,1.5,2.4,64.6,1.2,1.4,2.7,0.8,0.6,0.4,0.9,1
Leon Wood,38.0,7.1,3.2,1.3,3.5,37.3,0.1,0.8,13.3,0.5,0.7,69.2,0.1,0.4,0.5,1.2,0.2,0.0,0.7,1
Rick Carlisle,38.0,4.7,1.8,0.7,1.8,38.8,0.0,0.1,0.0,0.4,0.4,88.2,0.2,0.3,0.6,0.7,0.1,0.0,0.5,1
Anthony Bonner,52.0,12.8,4.2,1.5,4.3,35.6,0.3,1.0,24.5,0.8,1.3,63.8,0.9,2.0,3.0,0.3,0.4,0.1,0.9,1
Mitchell Wiggins,82.0,25.9,12.4,4.9,10.9,44.8,0.1,0.4,24.1,2.6,3.5,74.2,1.7,2.3,4.0,2.3,1.3,0.1,1.7,1
Jeff Malone,81.0,24.4,12.1,5.0,11.3,44.4,0.3,0.9,32.4,1.8,2.1,82.6,0.7,1.2,1.9,1.9,0.3,0.2,1.4,1
Fred Roberts,79.0,19.4,7.3,2.7,5.1,53.6,0.0,0.1,25.0,1.8,2.2,83.7,1.3,2.6,3.8,1.2,0.7,0.5,1.3,1
Dale Ellis,67.0,15.8,8.2,3.4,7.4,45.6,0.2,0.4,41.4,1.3,1.8,71.9,1.6,2.1,3.7,0.8,0.6,0.1,1.2,1
Darren Daye,75.0,15.7,6.1,2.4,5.4,44.1,0.0,0.1,0.0,1.3,1.8,71.4,1.2,1.3,2.5,2.3,0.5,0.2,1.3,1
Sidney Green,49.0,13.6,5.2,2.0,4.7,43.9,0.0,0.0,0.0,1.1,1.6,71.4,1.2,2.4,3.6,0.5,0.4,0.3,1.2,1
Granville Waiters,78.0,13.3,3.6,1.6,3.1,51.7,0.0,0.0,0.0,0.4,0.7,60.8,0.8,2.1,2.9,0.8,0.3,1.1,0.8,1
Sedale Threatt,45.0,10.3,3.3,1.4,3.3,41.9,0.0,0.2,12.5,0.5,0.6,82.1,0.4,0.5,0.9,0.9,0.3,0.0,0.7,1
John Paxson,49.0,9.3,2.9,1.2,2.8,44.5,0.1,0.4,18.2,0.3,0.5,61.5,0.1,0.6,0.7,3.0,0.2,0.0,0.7,1
Randy Breuer,57.0,8.3,2.9,1.2,3.1,38.4,0.0,0.0,0.0,0.6,0.8,69.6,0.8,1.1,1.9,0.3,0.2,0.7,0.6,1
Bob Hansen,55.0,7.6,2.7,1.2,2.6,44.8,0.0,0.1,0.0,0.3,0.5,64.3,0.2,0.6,0.9,0.8,0.3,0.1,0.6,1
Quintin Dailey,76.0,27.4,15.1,6.2,13.3,46.6,0.1,0.3,20.0,2.7,3.7,73.0,1.1,2.3,3.4,3.7,0.9,0.1,2.7,1
Rod Higgins,82.0,26.8,10.3,3.8,8.5,44.8,0.2,0.5,31.7,2.5,3.2,79.2,1.9,2.5,4.5,2.1,0.8,0.8,1.6,1
Craig Hodges,76.0,26.6,9.9,4.2,9.3,45.2,0.3,1.2,22.2,1.2,1.7,72.3,0.7,0.9,1.6,3.6,1.1,0.1,2.1,1
James Worthy*,77.0,25.6,13.4,5.8,10.0,57.9,0.0,0.1,25.0,1.8,2.9,62.4,2.0,3.1,5.2,1.7,1.2,0.8,2.3,1
Trent Tucker,78.0,23.5,8.4,3.8,8.3,46.2,0.2,0.4,46.7,0.6,0.8,67.2,1.0,1.8,2.8,2.5,0.7,0.1,0.9,1
Terry Teagle,73.0,23.4,10.4,4.5,10.6,42.8,0.1,0.4,34.5,1.2,1.7,69.6,1.0,1.6,2.7,2.1,0.7,0.3,1.9,1
Marc Iavaroni,80.0,20.2,5.1,2.0,4.4,46.2,0.0,0.0,0.0,1.0,1.4,69.0,1.5,2.7,4.1,1.0,0.4,0.6,1.7,1
Sleepy Floyd,76.0,16.4,8.1,3.0,6.9,42.9,0.1,0.3,40.0,2.0,2.4,83.3,0.7,1.1,1.8,1.8,0.8,0.2,1.4,1
Richard Anderson,78.0,16.3,5.2,2.2,5.5,40.4,0.1,0.2,36.8,0.6,0.9,69.6,1.4,2.1,3.5,1.5,0.7,0.3,1.2,1
Cliff Levingston,62.0,14.2,5.6,2.1,4.4,48.5,0.0,0.0,0.0,1.4,2.4,57.1,1.7,2.1,3.7,0.8,0.4,0.6,1.2,1
David Thirdkill,49.0,10.6,4.0,1.5,3.5,43.5,0.0,0.1,14.3,0.9,1.6,57.7,0.6,0.9,1.5,0.7,0.4,0.1,1.0,1
Brook Steppe,62.0,9.8,4.0,1.4,2.8,47.7,0.0,0.1,14.3,1.2,1.6,76.0,0.4,0.8,1.2,1.1,0.4,0.1,0.9,1
Rory White,65.0,9.6,5.0,2.0,3.6,54.3,0.0,0.0,0.0,1.1,1.7,64.2,0.7,0.9,1.6,0.5,0.3,0.0,0.8,1
Ricky Pierce,39.0,6.8,2.2,0.8,2.3,37.5,0.0,0.2,14.3,0.5,0.8,56.3,0.4,0.5,0.9,0.4,0.2,0.1,0.5,1
Scott Hastings,31.0,4.5,1.2,0.4,1.2,34.2,0.0,0.1,0.0,0.4,0.6,55.0,0.5,0.8,1.3,0.1,0.2,0.0,0.3,1
Albert King,76.0,22.3,12.1,5.1,10.7,48.2,0.0,0.2,23.1,1.8,2.3,77.8,1.4,2.7,4.1,1.9,0.8,0.5,2.4,1
Eddie Johnson,74.0,20.5,9.3,4.0,8.7,45.9,0.0,0.1,9.1,1.3,2.0,66.4,1.7,2.6,4.4,1.5,0.7,0.2,1.3,1
Danny Schayes,82.0,19.8,7.9,3.1,6.4,48.1,0.0,0.0,0.0,1.7,2.3,75.7,1.6,3.6,5.2,1.8,0.6,0.9,1.8,1
Darnell Valentine,82.0,16.9,6.4,2.3,5.5,41.3,0.0,0.1,0.0,1.9,2.4,76.0,0.6,1.2,1.8,3.3,1.1,0.0,1.6,1
Orlando Woolridge,75.0,15.8,7.3,2.7,5.3,51.3,0.0,0.0,0.0,1.9,2.7,69.9,1.1,1.9,3.0,1.1,0.3,0.3,1.4,1
Danny Vranes,77.0,14.0,4.9,1.9,3.4,54.6,0.0,0.0,0.0,1.2,1.9,60.1,0.9,1.6,2.6,0.7,0.4,0.3,0.9,1
Jeff Lamp,54.0,11.4,4.6,1.9,3.6,51.0,0.0,0.0,0.0,0.9,1.1,82.0,0.4,0.7,1.2,0.5,0.3,0.0,0.8,1
Danny Ainge,53.0,10.6,4.1,1.5,4.2,35.7,0.1,0.3,29.4,1.1,1.2,86.2,0.5,0.6,1.1,1.6,0.7,0.1,1.0,1
Mike McGee,39.0,9.0,4.9,2.1,4.4,46.5,0.0,0.1,0.0,0.8,1.4,58.5,0.9,0.4,1.3,0.4,0.5,0.1,0.9,1
Franklin Edwards,42.0,6.9,3.6,1.5,3.6,43.3,0.0,0.2,0.0,0.5,0.6,74.1,0.2,0.4,0.6,1.1,0.4,0.1,0.6,1
Michael Brooks,82.0,30.2,14.7,6.0,12.4,47.9,0.0,0.1,0.0,2.8,3.9,70.6,2.6,2.8,5.4,2.5,1.2,0.4,2.0,1
Don Collins,81.0,22.8,11.5,4.4,10.0,44.4,0.0,0.1,0.0,2.6,3.4,77.6,1.6,1.7,3.3,2.3,1.3,0.3,2.1,1
Louis Orr,82.0,21.8,10.5,4.2,8.6,49.1,0.0,0.1,0.0,2.0,2.5,80.7,2.1,2.3,4.4,1.6,0.7,0.3,1.5,1
Bill Hanzlik,74.0,17.0,5.4,1.9,3.9,47.8,0.0,0.1,20.0,1.6,2.0,79.3,0.9,1.2,2.1,1.5,0.8,0.3,1.1,1
James Johnson,68.0,14.4,5.3,1.9,3.5,54.2,0.0,0.0,0.0,1.5,2.5,59.4,1.6,3.0,4.5,0.6,0.1,1.1,1.0,1
James Johnson,65.0,11.6,3.9,1.5,3.2,45.2,0.2,0.7,32.6,0.8,1.1,72.9,0.5,1.4,2.0,0.7,0.3,0.7,0.9,1
Rickey Brown,45.0,12.9,4.0,1.8,3.6,51.2,0.0,0.0,0.0,0.4,0.5,76.2,1.2,2.5,3.7,0.5,0.2,0.3,0.7,1
Mike Woodson,81.0,11.7,4.7,2.0,4.6,44.2,0.0,0.1,20.0,0.6,0.8,76.6,0.4,0.8,1.2,0.9,0.4,0.1,0.7,1
Earl Cureton,52.0,10.2,4.2,1.8,3.9,45.4,0.0,0.0,0.0,0.6,1.2,51.6,1.0,2.0,3.0,0.5,0.4,0.4,0.6,1
Kyle Singler,82.0,28.0,8.8,3.4,7.8,42.8,0.9,2.4,35.0,1.2,1.5,80.6,1.3,2.7,4.0,0.9,0.7,0.5,1.2,1
Tyler Zeller,77.0,26.4,7.9,3.2,7.3,43.8,0.0,0.1,0.0,1.6,2.0,76.4,2.1,3.6,5.7,1.2,0.5,0.9,1.2,1
Maurice Harkless,76.0,26.0,8.2,3.4,7.4,46.1,0.4,1.5,27.4,1.0,1.7,57.0,1.6,2.8,4.4,0.7,1.2,0.8,0.9,1
Michael Kidd-Gilchrist,78.0,26.0,9.0,3.6,7.9,45.8,0.0,0.1,22.2,1.8,2.4,74.9,1.7,4.2,5.8,1.5,0.7,0.9,1.3,1
Harrison Barnes,81.0,25.4,9.2,3.4,7.8,43.9,0.6,1.8,35.9,1.8,2.3,75.8,0.7,3.5,4.1,1.2,0.6,0.2,1.3,1
Meyers Leonard,69.0,17.5,5.5,2.2,4.0,54.5,0.0,0.1,42.9,1.0,1.3,80.9,1.2,2.5,3.7,0.5,0.2,0.6,0.7,1
Patrick Beverley,41.0,17.4,5.6,1.9,4.6,41.8,0.9,2.3,37.5,0.8,1.0,82.9,1.1,1.6,2.7,2.9,0.9,0.5,1.1,1
Jae Crowder,78.0,17.3,5.0,1.8,4.7,38.4,0.8,2.5,32.8,0.6,0.9,64.4,0.4,1.9,2.4,1.2,0.8,0.2,0.6,1
Brian Roberts,78.0,17.0,7.1,2.7,6.6,41.7,0.8,2.0,38.6,0.9,1.0,90.9,0.2,1.0,1.2,2.8,0.5,0.0,0.9,1
Terrence Ross,73.0,17.0,6.4,2.5,6.3,40.7,0.9,2.7,33.2,0.4,0.6,71.4,0.5,1.5,2.0,0.7,0.6,0.2,0.7,1
Draymond Green,79.0,13.4,2.9,1.1,3.3,32.7,0.2,0.8,20.9,0.6,0.7,81.8,0.7,2.6,3.3,0.7,0.5,0.3,0.7,1
Will Barton,73.0,12.2,4.0,1.6,4.2,38.2,0.1,0.9,13.8,0.7,0.9,76.9,0.5,1.5,2.0,0.8,0.5,0.1,0.8,1
Kyle O'Quinn,57.0,11.2,4.1,1.8,3.5,51.3,0.0,0.0,0.0,0.5,0.8,66.7,1.1,2.5,3.7,0.9,0.2,0.5,0.7,1
Mike Scott,40.0,9.4,4.6,1.8,3.7,47.6,0.0,0.0,0.0,1.1,1.4,76.8,1.0,1.8,2.8,0.3,0.1,0.1,0.5,1
Chandler Parsons,63.0,28.6,9.5,3.9,8.7,45.2,1.0,2.8,33.7,0.7,1.2,55.1,1.4,3.3,4.8,2.1,1.2,0.5,1.3,1
Kawhi Leonard,64.0,24.0,7.9,3.1,6.3,49.3,0.6,1.7,37.6,1.1,1.4,77.3,1.6,3.5,5.1,1.1,1.3,0.4,0.7,1
Derrick Williams,66.0,21.5,8.8,3.1,7.5,41.2,0.6,2.1,26.8,2.1,3.0,69.7,1.2,3.5,4.7,0.6,0.5,0.5,1.2,1
Alec Burks,59.0,15.9,7.2,2.6,6.1,42.9,0.3,0.8,33.3,1.8,2.4,72.7,1.0,1.3,2.2,0.9,0.5,0.1,0.9,1
Lavoy Allen,41.0,15.2,4.1,1.9,4.1,47.3,0.0,0.0,0.0,0.3,0.3,78.6,1.1,3.0,4.2,0.8,0.3,0.4,0.5,1
Lance Thomas,42.0,15.0,4.0,1.4,3.0,45.2,0.0,0.0,0.0,1.2,1.5,83.9,1.2,1.8,3.0,0.3,0.2,0.2,0.6,1
Tobias Harris,42.0,11.4,5.0,1.9,4.0,46.7,0.1,0.5,26.1,1.0,1.3,81.5,0.7,1.7,2.4,0.5,0.3,0.2,0.7,1
Jimmy Butler,42.0,8.5,2.6,0.8,1.9,40.5,0.0,0.3,18.2,1.0,1.3,76.8,0.5,0.8,1.3,0.3,0.3,0.1,0.3,1
Ed Davis,65.0,24.6,7.7,3.3,5.7,57.6,0.0,0.0,0.0,1.1,2.0,55.5,2.6,4.5,7.1,0.6,0.6,1.0,0.7,1
Evan Turner,78.0,23.0,7.2,2.9,6.8,42.5,0.2,0.6,31.8,1.3,1.6,80.8,0.5,3.4,3.9,2.0,0.6,0.2,1.0,1
Paul George,61.0,20.7,7.8,2.9,6.5,45.3,0.7,2.3,29.7,1.3,1.7,76.2,0.6,3.1,3.7,1.1,1.0,0.4,1.1,1
Derrick Favors,78.0,19.7,6.8,2.8,5.3,51.7,0.0,0.0,0.0,1.3,2.2,59.5,2.2,3.1,5.3,0.5,0.4,0.9,1.0,1
Al-Farouq Aminu,81.0,17.9,5.6,2.0,5.0,39.4,0.6,1.8,31.5,1.1,1.5,77.3,0.9,2.4,3.3,0.7,0.7,0.3,1.3,1
Gordon Hayward,72.0,16.9,5.4,2.0,4.1,48.5,0.5,1.0,47.3,1.0,1.3,71.1,0.6,1.4,1.9,1.1,0.4,0.3,1.0,1
Patrick Patterson,52.0,16.7,6.3,2.9,5.1,55.8,0.0,0.0,0.0,0.6,0.8,71.4,1.7,2.2,3.8,0.8,0.3,0.7,0.6,1
Trevor Booker,65.0,16.4,5.3,2.1,3.9,54.9,0.0,0.0,0.0,1.0,1.6,67.3,1.5,2.4,3.9,0.5,0.5,0.7,0.6,1
Quincy Pondexter,66.0,11.1,2.8,1.1,2.7,40.6,0.3,0.8,36.0,0.4,0.5,70.6,0.3,1.0,1.3,0.4,0.3,0.1,0.2,1
Wesley Matthews,82.0,24.7,9.4,3.3,6.9,48.3,0.8,2.0,38.2,2.0,2.4,82.9,0.6,1.7,2.3,1.5,0.8,0.2,1.1,1
DeMar DeRozan,77.0,21.6,8.6,3.3,6.6,49.8,0.1,0.2,25.0,1.9,2.5,76.3,0.9,2.0,2.9,0.7,0.6,0.2,0.8,1
Ty Lawson,65.0,20.3,8.3,3.1,6.0,51.5,0.5,1.3,41.0,1.6,2.2,75.7,0.6,1.3,1.9,3.1,0.7,0.0,1.3,1
DeJuan Blair,82.0,18.2,7.8,3.4,6.0,55.6,0.0,0.0,0.0,1.1,2.0,54.7,2.4,4.0,6.4,0.8,0.6,0.5,1.4,1
Jordan Hill,47.0,13.3,5.2,2.1,4.3,49.3,0.0,0.0,0.0,1.0,1.4,67.6,1.6,2.1,3.7,0.4,0.3,0.5,0.6,1
Austin Daye,69.0,13.3,5.1,2.0,4.3,46.4,0.4,1.4,30.5,0.7,0.8,82.1,0.5,2.0,2.5,0.5,0.4,0.4,0.7,1
Jodie Meeks,60.0,12.0,4.7,1.7,4.5,38.8,0.7,2.2,31.8,0.5,0.7,79.5,0.1,1.5,1.6,0.7,0.3,0.1,0.4,1
Dante Cunningham,63.0,11.2,3.9,1.7,3.4,49.5,0.0,0.0,0.0,0.5,0.8,64.6,0.9,1.7,2.5,0.2,0.4,0.3,0.2,1
DeMarre Carroll,71.0,11.2,2.9,1.2,3.1,39.6,0.0,0.1,0.0,0.5,0.7,62.3,0.7,1.4,2.1,0.5,0.4,0.1,0.3,1
Jeff Teague,71.0,10.1,3.2,1.3,3.2,39.6,0.1,0.5,21.9,0.6,0.7,83.7,0.1,0.9,0.9,1.7,0.5,0.1,0.7,1
Gerald Henderson,43.0,8.3,2.6,0.9,2.4,35.6,0.1,0.4,21.1,0.8,1.1,74.5,0.3,0.9,1.3,0.3,0.2,0.2,0.3,1
Earl Clark,51.0,7.5,2.7,1.1,3.0,37.1,0.0,0.1,40.0,0.5,0.7,72.2,0.4,0.9,1.2,0.4,0.1,0.3,0.5,1
Michael Beasley,81.0,24.8,13.9,5.6,11.8,47.2,0.4,1.0,40.7,2.3,3.0,77.2,1.4,4.1,5.4,1.0,0.5,0.5,1.5,1
Darrell Arthur,76.0,19.3,5.6,2.5,5.7,43.8,0.0,0.0,0.0,0.5,0.8,66.7,1.4,3.1,4.6,0.6,0.7,0.7,0.6,1
Marreese Speights,79.0,16.0,7.7,3.2,6.4,50.2,0.0,0.1,25.0,1.3,1.7,77.3,1.6,2.2,3.7,0.4,0.3,0.7,0.6,1
JaVale McGee,75.0,15.2,6.5,2.5,5.2,49.4,0.0,0.0,0.0,1.4,2.2,66.0,1.6,2.3,3.9,0.3,0.4,1.0,0.8,1
Roy Hibbert,70.0,14.4,7.1,2.8,6.0,47.1,0.0,0.0,0.0,1.4,2.1,66.7,1.6,1.8,3.5,0.7,0.3,1.1,0.8,1
Chris Douglas-Roberts,44.0,13.3,4.9,1.8,4.0,46.0,0.1,0.3,25.0,1.2,1.4,82.3,0.3,0.8,1.1,1.2,0.3,0.2,0.7,1
Jerryd Bayless,53.0,12.4,4.3,1.3,3.6,36.5,0.1,0.5,25.9,1.6,1.9,80.6,0.2,0.9,1.1,1.5,0.3,0.0,1.1,1
Cory Alexander,59.0,12.1,4.7,1.7,4.2,41.6,0.3,0.8,34.8,1.0,1.4,69.9,0.7,1.2,1.9,0.7,0.3,0.5,0.9,1
Cory Alexander,60.0,9.3,2.8,1.1,2.6,40.6,0.4,1.1,39.4,0.3,0.4,64.0,0.2,0.6,0.7,2.0,0.5,0.0,1.1,1
Kosta Koufos,48.0,11.8,4.7,2.0,3.9,50.8,0.0,0.0,0.0,0.8,1.1,70.6,1.0,1.8,2.9,0.4,0.3,0.7,0.5,1
Anthony Tolliver,19.0,10.9,2.7,1.0,3.4,29.2,0.5,2.2,22.0,0.3,0.5,50.0,0.6,1.5,2.2,0.9,0.3,0.1,0.4,1
Robin Lopez,60.0,10.2,3.1,1.2,2.3,51.8,0.0,0.0,0.0,0.8,1.1,69.1,0.9,1.1,2.0,0.1,0.2,0.7,0.5,1
Jeff Green,80.0,28.2,10.5,4.0,9.4,42.7,0.3,1.0,27.6,2.2,3.0,74.4,1.3,3.5,4.7,1.5,0.6,0.6,2.0,1
Thaddeus Young,74.0,21.0,8.2,3.6,6.6,53.9,0.1,0.3,31.6,1.0,1.4,73.8,1.6,2.6,4.2,0.8,1.0,0.1,0.9,1
Joakim Noah,74.0,20.7,6.6,2.4,5.0,48.2,0.0,0.0,0.0,1.8,2.6,69.1,2.4,3.3,5.6,1.1,0.9,0.9,1.2,1
Wilson Chandler,35.0,19.6,7.3,3.0,6.9,43.8,0.3,0.9,30.0,1.0,1.5,63.0,1.1,2.5,3.6,0.9,0.4,0.5,0.8,1
Nick Young,75.0,15.4,7.5,2.8,6.4,43.9,0.5,1.3,40.0,1.3,1.7,81.5,0.3,1.2,1.5,0.8,0.5,0.1,1.3,1
Glen Davis,69.0,13.6,4.5,1.6,3.2,48.4,0.0,0.0,0.0,1.4,2.2,66.0,1.4,1.6,3.0,0.4,0.5,0.3,0.9,1
Spencer Hawes,71.0,13.1,4.7,2.1,4.5,45.9,0.1,0.3,19.0,0.5,0.8,65.5,1.0,2.3,3.2,0.6,0.2,0.6,0.8,1
Arron Afflalo,75.0,12.9,3.7,1.3,3.2,41.1,0.1,0.6,20.8,0.9,1.2,78.2,0.5,1.3,1.8,0.7,0.4,0.1,0.5,1
Aaron Brooks,51.0,11.9,5.2,1.8,4.4,41.3,0.7,2.1,33.0,0.8,1.0,85.7,0.3,0.8,1.1,1.7,0.3,0.1,0.9,1
C.J. Watson,32.0,11.5,3.7,1.3,3.2,42.6,0.3,0.8,34.6,0.7,0.9,79.3,0.4,0.6,1.0,1.1,0.5,0.0,0.6,1
Aaron Gray,61.0,10.0,4.3,1.7,3.3,50.5,0.0,0.0,0.0,0.9,1.6,56.6,1.1,1.6,2.8,0.7,0.3,0.3,0.9,1
Brandan Wright,38.0,9.9,4.0,1.6,2.9,55.4,0.0,0.0,0.0,0.7,1.1,67.5,1.0,1.6,2.6,0.2,0.2,0.6,0.3,1
Rudy Gay,78.0,27.0,10.8,4.1,9.7,42.2,0.7,1.8,36.4,1.9,2.7,72.7,1.2,3.3,4.5,1.3,0.9,0.9,1.8,1
Randy Foye,82.0,22.9,10.1,3.7,8.4,43.4,0.8,2.3,36.8,2.0,2.3,85.4,0.6,2.1,2.7,2.8,0.7,0.3,1.9,1
Craig Smith,82.0,18.7,7.4,3.0,5.6,53.1,0.0,0.1,0.0,1.4,2.3,62.4,1.8,3.3,5.1,0.6,0.6,0.2,0.9,1
Shelden Williams,81.0,18.7,5.5,2.0,4.5,45.5,0.0,0.0,50.0,1.4,1.8,76.4,1.6,3.8,5.4,0.5,0.6,0.5,1.2,1
Rodney Carney,67.0,17.4,6.6,2.7,5.9,46.4,0.4,1.1,34.7,0.8,1.3,60.9,0.6,1.3,1.9,0.4,0.6,0.3,0.6,1
Daniel Gibson,60.0,16.5,4.6,1.6,3.9,42.4,0.9,2.1,41.9,0.5,0.7,71.8,0.5,1.1,1.5,1.2,0.4,0.1,0.7,1
Renaldo Balkman,68.0,15.6,4.9,2.0,4.0,50.5,0.1,0.4,18.5,0.8,1.3,56.7,1.4,2.9,4.3,0.6,0.8,0.7,0.7,1
Jordan Farmar,72.0,15.1,4.4,1.7,4.1,42.2,0.6,1.9,32.8,0.4,0.5,71.1,0.3,1.3,1.7,1.9,0.6,0.1,1.0,1
J.J. Redick,42.0,14.8,6.0,1.9,4.6,41.0,0.9,2.3,38.8,1.3,1.4,90.0,0.2,1.0,1.2,0.9,0.3,0.0,0.5,1
Ronnie Brewer,56.0,12.1,4.6,1.8,3.4,52.8,0.0,0.2,0.0,1.0,1.5,67.5,0.7,0.7,1.3,0.4,0.7,0.1,0.4,1
Solomon Jones,58.0,11.5,3.3,1.1,2.2,50.8,0.0,0.0,0.0,1.0,1.3,78.7,0.8,1.5,2.3,0.2,0.2,0.7,0.4,1
Chris Quinn,42.0,9.7,3.4,1.1,3.1,36.6,0.5,1.4,35.1,0.6,0.9,67.6,0.1,0.6,0.7,1.5,0.4,0.0,0.5,1
Bobby Jones,44.0,7.6,2.5,1.0,2.1,46.2,0.0,0.2,11.1,0.5,0.9,56.1,0.5,0.8,1.3,0.4,0.3,0.0,0.4,1
Charlie Villanueva,81.0,29.1,13.0,5.4,11.6,46.3,0.9,2.6,32.7,1.4,2.0,70.6,2.2,4.2,6.4,1.1,0.7,0.8,1.2,1
Channing Frye,65.0,24.2,12.3,4.7,9.8,47.7,0.0,0.1,33.3,2.9,3.5,82.5,2.1,3.6,5.8,0.8,0.5,0.7,1.5,1
Danny Granger,78.0,22.6,7.5,2.8,6.1,46.2,0.4,1.2,32.3,1.5,1.9,77.7,1.7,3.2,4.9,1.2,0.7,0.8,1.0,1
Nate Robinson,72.0,21.4,9.3,3.2,7.8,40.7,0.8,2.0,39.7,2.1,2.8,75.2,0.8,1.5,2.3,2.0,0.8,0.0,1.6,1
Joey Graham,80.0,19.8,6.7,2.5,5.2,47.8,0.4,1.1,33.3,1.4,1.7,81.2,0.7,2.3,3.1,0.8,0.5,0.2,1.1,1
Monta Ellis,49.0,18.1,6.8,2.7,6.5,41.5,0.6,1.7,34.1,0.9,1.2,71.2,0.4,1.7,2.1,1.6,0.7,0.2,1.2,1
Alan Anderson,36.0,15.7,5.8,2.1,5.0,41.4,0.7,1.6,41.4,0.9,1.1,80.5,0.6,1.3,1.9,0.9,0.3,0.1,0.9,1
Ike Diogu,69.0,14.9,7.0,2.5,4.8,52.4,0.0,0.0,0.0,2.0,2.4,81.0,1.4,1.9,3.3,0.4,0.2,0.4,1.1,1
Josh Powell,37.0,11.6,3.0,1.0,2.2,45.7,0.0,0.0,0.0,1.0,1.2,80.0,0.8,1.4,2.2,0.2,0.2,0.1,0.6,1
Hakim Warrick,68.0,10.6,4.1,1.5,3.4,44.3,0.0,0.0,0.0,1.1,1.7,66.1,0.6,1.5,2.1,0.4,0.2,0.3,0.8,1
Antoine Wright,39.0,9.5,1.8,0.7,2.1,35.8,0.0,0.4,6.7,0.3,0.6,50.0,0.2,0.6,0.8,0.3,0.1,0.1,0.5,1
C.J. Miles,23.0,8.8,3.4,1.2,3.3,36.8,0.2,0.9,25.0,0.8,1.0,75.0,0.8,0.9,1.7,0.7,0.3,0.1,0.4,1
Shavlik Randolph,57.0,8.5,2.3,0.8,1.7,45.4,0.0,0.0,0.0,0.8,1.2,60.6,1.0,1.4,2.3,0.3,0.3,0.2,0.4,1
Quinton Ross,78.0,21.3,5.1,2.1,4.8,43.2,0.0,0.1,25.0,0.9,1.4,67.3,0.8,1.9,2.7,1.4,0.7,0.3,0.7,1
Jameer Nelson,79.0,20.4,8.7,3.6,7.9,45.5,0.6,1.8,31.2,0.9,1.4,68.2,0.7,1.8,2.4,3.0,1.0,0.0,1.5,1
Trevor Ariza,80.0,17.3,5.9,2.2,4.9,44.2,0.0,0.2,23.1,1.5,2.2,69.5,1.1,1.9,3.0,1.1,0.9,0.2,0.9,1
Nick Collison,82.0,17.0,5.6,2.3,4.3,53.7,0.0,0.0,0.0,1.0,1.4,70.3,1.9,2.7,4.6,0.4,0.4,0.6,0.8,1
Devin Harris,76.0,15.4,5.7,2.1,4.8,42.9,0.6,1.7,33.6,1.0,1.4,75.7,0.4,1.0,1.3,2.2,1.0,0.3,1.1,1
Al Jefferson,71.0,14.8,6.7,2.7,5.2,52.8,0.0,0.0,0.0,1.2,1.9,63.0,1.7,2.7,4.4,0.3,0.3,0.8,0.9,1
Royal Ivey,62.0,13.0,3.5,1.4,3.2,42.9,0.0,0.1,33.3,0.8,1.1,70.1,0.3,1.0,1.4,1.7,0.6,0.1,0.9,1
Delonte West,39.0,13.0,4.5,1.7,4.0,42.6,0.6,1.7,35.8,0.5,0.7,70.4,0.4,1.3,1.7,1.4,0.5,0.2,0.6,1
Kevin Martin,45.0,10.1,2.9,1.0,2.6,38.5,0.1,0.6,20.0,0.8,1.2,65.5,0.6,0.6,1.3,0.5,0.4,0.1,0.5,1
Jarvis Hayes,70.0,29.2,9.6,4.0,9.9,40.0,0.6,1.9,30.5,1.1,1.4,78.6,1.0,2.8,3.8,1.5,1.0,0.2,1.6,1
Keith Bogans,73.0,24.5,6.8,2.5,6.2,40.3,0.9,2.6,35.8,0.9,1.4,63.1,1.5,2.9,4.3,1.3,0.6,0.1,1.0,1
Udonis Haslem,75.0,23.9,7.3,2.7,6.0,45.9,0.0,0.0,0.0,1.9,2.4,76.5,2.5,3.8,6.3,0.7,0.4,0.3,1.0,1
Josh Howard,67.0,23.7,8.6,3.4,7.9,43.0,0.3,1.0,30.3,1.4,2.1,70.3,2.2,3.3,5.5,1.4,1.0,0.8,1.0,1
Chris Kaman,82.0,22.5,6.1,2.4,5.3,46.0,0.0,0.0,0.0,1.2,1.7,69.7,1.5,4.1,5.6,1.0,0.3,0.9,1.9,1
Matt Barnes,38.0,19.1,4.5,1.7,3.6,45.7,0.1,0.3,15.4,1.1,1.6,70.5,1.4,2.6,4.0,1.3,0.7,0.1,1.2,1
Ronald Dupree,47.0,19.0,6.2,2.4,6.0,39.4,0.1,0.2,44.4,1.4,2.2,62.9,1.2,2.4,3.6,1.2,0.7,0.4,1.1,1
Steve Blake,75.0,18.6,5.9,2.1,5.4,38.6,1.0,2.7,37.1,0.7,0.9,82.1,0.2,1.3,1.6,2.8,0.8,0.1,1.7,1
Marcus Banks,81.0,17.1,5.9,2.2,5.5,40.0,0.3,1.1,31.4,1.2,1.6,75.6,0.4,1.3,1.6,2.2,1.1,0.2,1.5,1
Luke Ridnour,69.0,16.1,5.5,2.1,5.1,41.4,0.4,1.2,33.8,0.9,1.1,82.3,0.5,1.1,1.6,2.4,0.8,0.1,1.2,1
Willie Green,53.0,14.5,6.9,2.7,6.7,40.1,0.4,1.2,31.1,1.1,1.5,72.8,0.3,0.9,1.2,1.0,0.5,0.1,1.1,1
Mo Williams,57.0,13.5,5.0,2.0,5.3,38.0,0.2,0.7,25.6,0.8,1.0,78.6,0.4,0.9,1.3,1.3,0.5,0.0,0.9,1
David West,71.0,13.1,3.8,1.5,3.2,47.4,0.0,0.0,0.0,0.8,1.1,71.3,1.6,2.5,4.2,0.8,0.4,0.4,0.7,1
Brian Cook,35.0,12.6,4.4,1.9,4.0,47.5,0.0,0.1,0.0,0.6,0.8,75.0,0.9,2.0,2.9,0.6,0.5,0.5,0.5,1
Jason Kapono,41.0,10.4,3.5,1.3,3.1,40.3,0.5,1.1,47.7,0.5,0.6,83.3,0.5,0.9,1.3,0.3,0.3,0.1,0.5,1
Luke Walton,72.0,10.1,2.4,0.9,2.1,42.5,0.2,0.5,33.3,0.4,0.6,70.5,0.5,1.2,1.8,1.6,0.4,0.1,0.6,1
Drew Gooden,70.0,26.8,12.5,5.1,11.1,45.7,0.2,0.7,29.2,2.2,3.0,71.2,2.3,4.2,6.5,1.2,0.8,0.5,2.1,1
Carlos Rogers,81.0,25.3,10.0,4.1,7.6,53.6,0.0,0.0,0.0,1.8,2.4,77.1,2.5,5.0,7.5,1.3,0.7,0.6,1.3,1
Carlos Rogers,49.0,20.8,8.9,3.7,6.9,52.9,0.0,0.3,14.3,1.6,3.0,52.1,2.2,3.5,5.7,0.8,0.5,1.1,1.7,1
Rasual Butler,72.0,21.0,7.5,2.9,7.9,36.2,0.7,2.4,29.2,1.1,1.4,73.1,0.4,2.2,2.6,1.3,0.3,0.6,1.1,1
Smush Parker,66.0,16.7,6.2,2.1,5.1,40.2,0.6,1.8,32.2,1.5,1.8,83.1,0.4,1.4,1.8,2.5,0.7,0.2,2.0,1
Mike Dunleavy,82.0,15.9,5.7,2.0,5.1,40.3,0.6,1.8,34.7,1.0,1.2,78.0,0.8,1.8,2.6,1.3,0.7,0.2,1.1,1
Juan Dixon,42.0,15.4,6.4,2.5,6.5,38.4,0.6,2.0,29.8,0.9,1.1,80.4,0.3,1.4,1.7,1.0,0.6,0.1,1.0,1
Melvin Ely,52.0,15.4,4.5,1.8,3.6,49.5,0.0,0.0,0.0,1.0,1.4,70.3,1.2,2.1,3.3,0.3,0.2,0.6,1.0,1
Mike Wilks,46.0,15.0,3.2,1.1,3.2,33.8,0.2,0.8,28.6,0.8,1.0,78.7,0.4,1.1,1.5,2.0,0.6,0.1,0.6,1
Kareem Rush,76.0,11.5,3.0,1.3,3.2,39.3,0.3,0.9,27.9,0.2,0.3,69.6,0.3,0.9,1.2,0.9,0.1,0.1,0.8,1
Dan Dickau,50.0,10.3,3.7,1.4,3.4,41.2,0.4,1.2,36.1,0.4,0.5,80.8,0.2,0.7,0.9,1.7,0.3,0.0,1.1,1
Tayshaun Prince,42.0,10.4,3.3,1.3,2.8,44.9,0.5,1.1,42.6,0.3,0.4,64.7,0.1,1.0,1.1,0.6,0.2,0.3,0.5,1
Trenton Hassell,78.0,28.7,8.7,3.4,8.1,42.5,0.8,2.1,36.4,1.1,1.5,76.3,0.8,2.4,3.3,2.2,0.7,0.6,1.3,1
Joe Johnson,77.0,24.9,7.5,3.3,7.6,43.0,0.5,1.7,29.2,0.5,0.7,77.4,1.0,2.4,3.3,2.3,0.8,0.3,0.9,1
Gilbert Arenas,47.0,24.6,10.9,3.7,8.2,45.3,0.8,2.4,34.5,2.6,3.4,77.5,0.9,1.9,2.8,3.7,1.5,0.2,2.1,1
Richard Jefferson,79.0,24.3,9.4,3.4,7.5,45.7,0.2,0.7,23.2,2.4,3.4,71.3,1.1,2.6,3.7,1.8,0.8,0.6,1.4,1
Speedy Claxton,67.0,22.8,7.2,2.7,6.7,40.0,0.1,0.5,12.1,1.7,2.0,83.8,0.7,1.7,2.4,3.0,1.4,0.1,1.4,1
Jason Collins,77.0,18.3,4.5,1.5,3.6,42.1,0.0,0.0,50.0,1.5,2.1,70.1,1.7,2.2,3.9,1.1,0.4,0.6,0.9,1
Troy Murphy,82.0,17.7,5.9,2.2,5.2,42.1,0.0,0.1,33.3,1.5,1.9,77.6,1.2,2.7,3.9,0.9,0.4,0.3,1.0,1
Eddy Curry,72.0,16.0,6.7,2.6,5.2,50.1,0.0,0.0,0.0,1.5,2.2,65.6,1.5,2.2,3.8,0.3,0.2,0.7,1.0,1
Earl Watson,64.0,15.1,3.6,1.5,3.3,45.3,0.3,0.7,36.4,0.4,0.6,63.9,0.5,0.8,1.3,2.0,0.9,0.1,0.8,1
Kwame Brown,57.0,14.3,4.5,1.6,4.3,38.7,0.0,0.0,0.0,1.2,1.7,70.7,1.1,2.4,3.5,0.8,0.3,0.5,0.8,1
Etan Thomas,47.0,13.1,4.3,1.7,3.2,53.6,0.0,0.0,0.0,0.9,1.6,55.4,1.2,2.7,3.9,0.1,0.4,0.7,0.6,1
Steven Hunter,53.0,9.7,3.6,1.3,2.8,45.6,0.0,0.0,0.0,1.0,1.8,58.5,0.8,1.1,1.8,0.1,0.1,0.8,0.3,1
Gerald Wallace,54.0,8.0,3.2,1.4,3.2,42.9,0.0,0.1,0.0,0.4,0.9,50.0,0.9,0.7,1.6,0.5,0.3,0.1,0.4,1
Marc Jackson,48.0,29.4,13.2,4.9,10.6,46.7,0.1,0.5,21.7,3.2,4.0,80.2,2.5,5.0,7.5,1.2,0.7,0.6,1.9,1
Morris Peterson,80.0,22.6,9.3,3.6,8.4,43.1,0.8,2.1,38.2,1.3,1.8,71.7,1.4,1.8,3.2,1.3,0.8,0.3,1.0,1
Stephen Jackson,77.0,21.6,8.2,3.2,7.4,42.5,0.7,2.0,33.5,1.3,1.8,71.9,0.5,2.2,2.7,1.8,1.1,0.2,1.7,1
Chris Mihm,59.0,19.8,7.6,2.9,6.6,44.2,0.0,0.0,0.0,1.7,2.1,79.4,1.8,2.9,4.7,0.3,0.3,0.9,1.4,1
Desmond Mason,78.0,19.5,5.9,2.4,5.6,43.1,0.2,0.9,26.9,0.9,1.2,73.6,0.9,2.3,3.2,0.8,0.5,0.3,0.7,1
Quentin Richardson,76.0,17.9,8.1,3.1,6.9,44.2,0.7,2.0,33.1,1.3,2.1,62.7,1.4,2.0,3.4,0.8,0.6,0.1,0.8,1
DerMarr Johnson,78.0,16.8,5.1,1.9,5.0,37.4,0.5,1.6,32.3,0.8,1.1,73.6,0.7,1.6,2.3,0.8,0.6,0.4,1.2,1
Stromile Swift,80.0,16.4,4.9,1.9,4.2,45.1,0.0,0.1,0.0,1.1,1.8,60.3,1.4,2.2,3.6,0.4,0.8,1.0,0.8,1
Keyon Dooling,76.0,16.3,5.9,1.9,4.8,40.9,0.4,1.1,35.0,1.6,2.4,69.8,0.1,1.1,1.2,2.3,0.5,0.1,1.2,1
Mateen Cleaves,78.0,16.3,5.4,2.1,5.1,40.0,0.1,0.2,29.4,1.2,1.8,70.8,0.3,1.4,1.7,2.7,0.6,0.0,1.8,1
Lee Nailon,42.0,11.2,3.9,1.6,3.2,48.5,0.0,0.0,0.0,0.8,1.0,74.4,0.7,1.5,2.2,0.6,0.2,0.1,0.6,1
Eddie House,50.0,11.0,5.0,2.1,4.9,42.1,0.4,1.1,34.5,0.5,0.7,68.6,0.1,0.7,0.8,1.0,0.3,0.0,0.7,1
James Posey,81.0,25.3,8.2,2.8,6.6,42.9,1.0,2.7,37.3,1.5,1.9,80.0,1.0,2.9,3.9,1.8,1.2,0.4,1.2,1
Richard Hamilton,71.0,19.3,9.0,3.6,8.5,42.0,0.4,1.1,36.4,1.5,1.9,77.4,0.5,1.3,1.8,1.5,0.4,0.1,1.2,1
Greg Buckner,48.0,19.2,5.7,2.3,4.9,47.6,0.2,0.5,38.5,0.9,1.3,68.3,1.2,2.5,3.6,1.1,0.8,0.4,0.8,1
Baron Davis,82.0,18.6,5.9,2.2,5.3,42.0,0.3,1.4,22.5,1.2,1.9,63.4,0.6,1.4,2.0,3.8,1.2,0.2,1.7,1
Corey Maggette,77.0,17.8,8.4,2.9,6.1,47.8,0.0,0.1,18.2,2.5,3.4,75.1,1.6,2.3,3.9,0.8,0.3,0.3,1.8,1
Eddie Robinson,67.0,16.6,7.0,3.2,5.8,54.9,0.0,0.1,0.0,0.7,1.0,73.4,0.8,1.9,2.7,0.5,0.7,0.4,0.6,1
Ryan Bowen,52.0,11.3,2.5,0.9,2.3,39.3,0.0,0.2,11.1,0.7,1.0,71.7,1.4,0.8,2.2,0.4,0.8,0.3,0.3,1
Scott Padgett,47.0,9.2,2.6,0.9,3.0,31.4,0.3,0.9,29.5,0.4,0.6,70.4,0.5,1.4,1.9,0.5,0.3,0.2,0.5,1
Milt Palacio,53.0,7.4,2.0,0.8,1.8,43.9,0.0,0.0,0.0,0.4,0.7,59.5,0.3,0.6,1.0,0.9,0.4,0.0,0.8,1
Devean George,49.0,7.0,3.2,1.1,2.9,38.9,0.3,1.0,34.0,0.6,0.8,65.9,0.6,0.9,1.5,0.2,0.2,0.1,0.4,1
Jamie Feick,41.0,15.2,3.7,1.4,3.8,35.7,0.1,0.3,35.7,0.8,1.6,50.7,2.0,3.2,5.2,0.6,0.4,0.3,0.8,1
Antawn Jamison,47.0,22.5,9.6,3.8,8.4,45.2,0.1,0.2,30.0,1.9,3.3,58.8,2.8,3.6,6.4,0.7,0.8,0.3,1.4,1
Robert Traylor,49.0,16.0,5.3,2.2,4.1,53.7,0.0,0.0,0.0,0.9,1.6,53.8,1.6,2.1,3.7,0.8,0.9,0.9,0.9,1
Michael Doleac,49.0,15.9,6.2,2.6,5.4,46.8,0.0,0.0,0.0,1.1,1.6,67.5,1.3,1.7,3.0,0.4,0.4,0.3,0.5,1
Keon Clark,28.0,14.6,3.3,1.3,2.9,45.0,0.0,0.0,0.0,0.8,1.3,56.8,1.3,2.1,3.4,0.4,0.4,1.1,0.8,1
Pat Garrity,39.0,13.8,5.6,2.2,4.4,50.0,0.2,0.5,38.9,1.0,1.4,71.4,0.7,1.3,1.9,0.5,0.2,0.1,0.5,1
Brad Miller,38.0,12.3,6.3,2.1,3.6,56.5,0.0,0.1,50.0,2.1,2.7,79.4,0.9,2.2,3.1,0.6,0.2,0.5,0.8,1
Ricky Davis,46.0,12.1,4.5,1.8,4.3,40.5,0.0,0.3,16.7,1.0,1.3,76.3,0.9,1.0,1.8,1.3,0.7,0.1,1.2,1
Ruben Patterson,24.0,6.0,2.7,0.9,2.1,41.2,0.0,0.3,16.7,0.9,1.3,71.0,0.7,0.5,1.3,0.1,0.2,0.1,0.5,1
Nazr Mohammed,26.0,4.7,1.6,0.6,1.6,35.7,0.0,0.0,0.0,0.5,0.8,57.1,0.7,0.7,1.4,0.1,0.2,0.1,0.5,1
Cedric Henderson,82.0,30.8,10.1,4.2,8.8,48.0,0.0,0.0,0.0,1.7,2.3,71.6,0.9,3.1,4.0,2.0,1.2,0.6,2.0,1
Tony Battie,65.0,23.2,8.4,3.6,8.1,44.6,0.0,0.2,21.4,1.1,1.6,70.2,2.1,3.3,5.4,0.9,0.8,1.1,1.5,1
Tim Thomas,77.0,23.1,11.0,4.0,8.9,44.7,0.8,2.2,36.3,2.2,3.0,74.0,1.4,2.4,3.7,1.2,0.7,0.2,1.5,1
Danny Fortson,80.0,22.6,10.2,3.5,7.6,45.2,0.0,0.0,33.3,3.3,4.2,77.6,2.3,3.3,5.6,1.0,0.6,0.4,2.0,1
Lawrence Funderburke,52.0,21.0,9.5,3.7,7.5,49.0,0.0,0.1,14.3,2.1,3.1,67.9,1.5,3.0,4.5,1.2,0.4,0.3,1.2,1
Tracy McGrady,64.0,18.4,7.0,2.8,6.2,45.0,0.2,0.6,34.1,1.2,1.7,71.2,1.6,2.6,4.2,1.5,0.8,0.9,1.0,1
Rick Brunson,38.0,16.4,4.3,1.3,3.7,34.8,0.6,1.6,36.1,1.1,1.6,67.7,0.4,1.1,1.5,2.6,0.7,0.1,1.4,1
Kevin Ollie,35.0,12.3,3.5,1.1,2.8,37.8,0.0,0.0,0.0,1.4,2.0,70.0,0.3,0.9,1.1,1.9,0.4,0.0,1.3,1
John Thomas,54.0,9.9,2.8,1.0,2.1,48.7,0.0,0.0,0.0,0.8,1.0,75.9,0.9,1.1,2.0,0.3,0.4,0.2,0.8,1
Jacque Vaughn,45.0,9.3,3.1,1.0,2.7,36.1,0.1,0.2,37.5,1.1,1.5,70.6,0.1,0.8,0.8,1.9,0.2,0.0,1.2,1
Chris Crawford,40.0,6.4,3.8,1.2,2.8,41.8,0.0,0.1,33.3,1.4,1.7,83.8,0.5,0.5,1.0,0.2,0.3,0.2,0.5,1
Anthony Parker,37.0,5.3,1.9,0.7,1.7,39.7,0.2,0.8,32.1,0.4,0.5,65.0,0.2,0.5,0.7,0.5,0.3,0.1,0.3,1
Lorenzen Wright,77.0,25.1,7.3,3.1,6.4,48.1,0.0,0.1,25.0,1.1,1.9,58.7,2.7,3.4,6.1,0.6,0.6,0.8,1.0,1
Shandon Anderson,65.0,16.4,5.9,2.3,4.9,46.2,0.4,0.7,51.1,1.0,1.5,68.7,0.8,2.0,2.8,0.8,0.4,0.1,1.1,1
Travis Knight,71.0,16.3,4.8,2.0,3.9,50.9,0.0,0.0,0.0,0.9,1.4,62.0,1.8,2.7,4.5,0.5,0.4,0.8,0.7,1
Kobe Bryant,71.0,15.5,7.6,2.5,5.9,41.7,0.7,1.9,37.5,1.9,2.3,81.9,0.7,1.2,1.9,1.3,0.7,0.3,1.6,1
Randy Livingston,64.0,15.3,3.9,1.6,3.6,43.7,0.1,0.3,40.9,0.7,1.0,64.6,0.5,1.0,1.5,2.4,0.6,0.2,1.6,1
Othella Harrington,57.0,15.1,4.8,2.0,3.6,54.9,0.0,0.1,0.0,0.9,1.4,60.5,1.3,2.2,3.5,0.3,0.2,0.4,1.0,1
Samaki Walker,43.0,14.0,5.0,1.9,4.3,44.4,0.0,0.0,0.0,1.1,1.7,64.9,1.1,2.3,3.4,0.4,0.3,0.5,0.9,1
Todd Fuller,75.0,12.7,4.1,1.5,3.5,42.9,0.0,0.0,0.0,1.0,1.5,69.1,1.4,1.9,3.3,0.3,0.1,0.3,0.7,1
John Wallace,68.0,11.6,4.8,1.8,3.5,51.7,0.0,0.1,50.0,1.2,1.6,71.8,0.8,1.5,2.3,0.5,0.3,0.4,1.1,1
Derek Fisher,80.0,11.5,3.9,1.3,3.3,39.7,0.3,0.9,30.1,1.0,1.5,65.8,0.3,0.9,1.2,1.5,0.5,0.1,0.9,1
Jermaine O'Neal,45.0,10.2,4.1,1.5,3.4,45.1,0.0,0.0,0.0,1.0,1.7,60.3,0.9,1.9,2.8,0.2,0.0,0.6,0.6,1
Malik Rose,54.0,9.7,3.0,1.1,2.4,47.7,0.0,0.0,0.0,0.7,1.1,61.3,1.3,1.7,3.0,0.6,0.5,0.3,0.8,1
Darvin Ham,36.0,8.8,2.3,0.9,1.7,53.2,0.0,0.0,0.0,0.5,1.0,48.6,0.8,0.8,1.6,0.4,0.3,0.2,0.6,1
Walter McCarty,35.0,5.5,1.8,0.7,1.9,38.2,0.1,0.4,28.6,0.2,0.4,57.1,0.2,0.4,0.7,0.4,0.2,0.3,0.5,1
Michael Finley,82.0,39.2,15.0,5.7,11.9,47.6,0.7,2.3,32.8,3.0,3.9,74.9,1.7,2.9,4.6,3.5,1.0,0.4,1.6,1
Rasheed Wallace,65.0,27.5,10.1,4.2,8.7,48.7,0.4,1.3,32.9,1.2,1.8,65.0,1.4,3.2,4.7,1.3,0.7,0.8,1.6,1
Kurt Thomas,74.0,22.4,9.0,3.7,7.4,50.1,0.0,0.0,0.0,1.6,2.4,66.3,1.6,4.3,5.9,0.6,0.6,0.5,1.3,1
Anthony Goldwire,42.0,14.8,5.5,1.8,4.5,40.2,0.8,2.0,39.8,1.1,1.4,76.7,0.2,0.8,1.0,2.7,0.4,0.0,1.5,1
Bob Sura,79.0,14.6,5.3,1.9,4.6,41.1,0.3,1.0,34.6,1.3,1.8,70.2,0.4,1.3,1.7,2.9,0.7,0.3,1.5,1
Cherokee Parks,64.0,13.6,3.9,1.6,3.9,40.9,0.1,0.4,26.9,0.6,1.0,66.1,1.0,2.3,3.4,0.5,0.4,0.5,0.5,1
Greg Ostertag,57.0,11.6,3.6,1.5,3.2,47.3,0.0,0.0,0.0,0.6,0.9,66.7,1.0,2.1,3.1,0.1,0.1,1.1,0.4,1
Corliss Williamson,53.0,11.5,5.6,2.4,5.1,46.6,0.0,0.1,0.0,0.9,1.6,56.0,1.1,1.1,2.2,0.4,0.2,0.2,1.4,1
Chris Carr,60.0,9.8,4.0,1.5,3.6,41.5,0.2,0.7,26.2,0.8,1.0,81.7,0.5,1.3,1.7,0.7,0.2,0.1,0.7,1
Travis Best,59.0,9.7,3.7,1.2,2.8,42.3,0.1,0.4,32.0,1.3,1.5,83.3,0.2,0.6,0.7,1.6,0.3,0.1,1.1,1
Jason Caffey,57.0,9.6,3.2,1.2,2.8,43.8,0.0,0.0,0.0,0.7,1.2,58.8,0.9,1.1,1.9,0.4,0.2,0.1,0.8,1
Eric Snow,43.0,9.0,2.7,1.0,2.3,42.0,0.0,0.2,20.0,0.7,1.1,59.2,0.2,0.8,1.0,1.7,0.7,0.0,0.9,1
Lamond Murray,81.0,31.6,14.1,5.4,13.5,40.2,0.8,2.7,29.8,2.5,3.3,75.4,1.6,2.7,4.4,1.6,0.9,0.7,2.0,1
Eric Montross,78.0,29.7,10.0,3.9,7.4,53.4,0.0,0.0,0.0,2.1,3.4,63.5,2.5,4.7,7.3,0.5,0.4,0.8,1.4,1
Chris Childs,53.0,19.3,5.8,2.0,5.3,38.0,0.8,2.4,32.8,1.0,1.4,75.3,0.3,1.0,1.3,4.1,0.8,0.1,1.4,1
Greg Minor,63.0,15.0,6.0,2.5,4.8,51.5,0.0,0.2,16.7,1.0,1.2,83.3,0.8,1.4,2.2,1.0,0.5,0.3,0.7,1
Eric Piatkowski,81.0,14.9,7.0,2.5,5.6,44.1,0.9,2.4,37.4,1.1,1.4,78.3,0.8,0.9,1.6,1.0,0.5,0.2,0.8,1
Bill Curley,53.0,11.2,2.7,1.1,2.5,43.3,0.0,0.0,0.0,0.5,0.7,75.0,1.0,1.3,2.3,0.5,0.4,0.4,0.5,1
Dickey Simpkins,59.0,9.9,3.5,1.3,3.1,42.4,0.0,0.0,0.0,0.8,1.2,69.4,1.0,1.5,2.6,0.6,0.2,0.1,0.8,1
Jim McIlvaine,55.0,9.7,1.7,0.6,1.3,47.9,0.0,0.0,0.0,0.5,0.7,68.3,0.7,1.2,1.9,0.2,0.2,1.1,0.3,1
Chris Mills,79.0,25.6,9.4,3.6,8.6,41.9,0.5,1.5,31.1,1.7,2.2,77.8,1.7,3.4,5.1,1.6,0.7,0.6,1.1,1
Bo Outlaw,37.0,23.5,6.9,2.6,4.5,58.7,0.0,0.1,0.0,1.6,2.8,59.2,2.2,3.5,5.7,1.0,1.0,1.0,0.8,1
Antonio Davis,81.0,21.4,7.7,2.7,5.2,50.8,0.0,0.0,0.0,2.4,3.7,64.2,2.3,3.9,6.2,0.7,0.6,1.0,1.3,1
Rodney Rogers,79.0,17.8,8.1,3.0,6.9,43.9,0.4,1.2,38.0,1.6,2.4,67.2,1.1,1.7,2.9,1.3,0.8,0.6,1.7,1
Bryon Russell,67.0,16.7,5.0,2.0,4.2,48.4,0.0,0.3,9.1,0.9,1.5,61.4,0.9,1.8,2.7,0.8,1.0,0.3,0.8,1
Lucious Harris,77.0,15.1,5.4,2.1,5.0,42.1,0.1,0.4,21.2,1.1,1.5,73.1,0.6,1.5,2.0,1.4,0.6,0.1,1.0,1
Scott Burrell,51.0,15.0,4.8,1.9,4.6,41.9,0.0,0.1,33.3,0.9,1.4,65.7,0.9,1.7,2.6,1.2,0.7,0.3,0.9,1
Greg Graham,70.0,12.7,4.8,1.7,4.4,40.0,0.0,0.4,8.0,1.3,1.6,83.6,0.3,0.9,1.2,0.9,0.9,0.1,0.9,1
Terry Dehere,64.0,11.9,5.3,2.0,5.3,37.7,0.4,0.9,40.4,1.0,1.3,75.3,0.4,0.7,1.1,1.2,0.4,0.1,0.9,1
James Robinson,58.0,11.6,4.8,1.8,4.9,36.5,0.4,1.3,31.5,0.8,1.2,67.2,0.6,0.8,1.3,1.2,0.5,0.3,0.9,1
Corie Blount,67.0,10.3,3.0,1.1,2.6,43.7,0.0,0.0,0.0,0.7,1.1,61.3,1.1,1.8,2.9,0.8,0.3,0.5,0.8,1
David Wesley,60.0,9.0,3.1,1.1,2.9,36.8,0.2,0.8,23.4,0.7,0.9,83.0,0.2,0.6,0.7,2.1,0.6,0.1,0.9,1
Chris Whitney,40.0,8.5,1.8,0.6,2.1,30.5,0.3,0.8,33.3,0.3,0.4,80.0,0.1,0.6,0.7,1.3,0.3,0.0,0.9,1
Rex Walters,48.0,8.0,3.4,1.3,2.4,52.2,0.3,0.6,50.0,0.6,0.7,82.4,0.1,0.7,0.8,1.5,0.3,0.1,0.6,1
Ervin Johnson,45.0,6.2,2.6,1.0,2.4,41.5,0.0,0.0,0.0,0.6,1.0,63.0,1.1,1.6,2.6,0.2,0.2,0.5,0.5,1
Robert Horry,79.0,29.5,10.1,4.1,8.6,47.4,0.2,0.6,25.5,1.8,2.5,71.5,1.4,3.5,5.0,2.4,1.0,1.1,2.0,1
Anthony Avent,82.0,27.9,9.8,4.2,9.8,43.3,0.0,0.0,0.0,1.4,2.1,65.1,2.2,4.0,6.2,1.1,0.7,0.9,1.7,1
Todd Day,71.0,27.2,13.8,5.0,11.7,43.2,0.8,2.6,29.3,3.0,4.2,71.7,2.0,2.1,4.1,1.6,1.1,0.7,1.7,1
Bryant Stith,39.0,22.2,8.9,3.2,7.1,44.6,0.0,0.1,0.0,2.5,3.1,83.2,1.0,2.2,3.2,1.3,0.6,0.1,1.1,1
Adam Keefe,82.0,18.9,6.6,2.3,4.6,50.0,0.0,0.0,0.0,2.0,2.9,70.0,2.1,3.2,5.3,1.0,0.7,0.2,1.2,1
Hubert Davis,50.0,16.3,5.4,2.2,5.0,43.8,0.1,0.4,31.6,0.9,1.1,79.6,0.3,0.9,1.1,1.7,0.4,0.1,0.9,1
Litterial Green,52.0,12.0,4.5,1.7,3.8,43.9,0.0,0.2,10.0,1.2,1.8,62.5,0.2,0.4,0.7,2.2,0.4,0.1,0.8,1
Jon Barry,47.0,11.7,4.4,1.6,4.4,36.9,0.4,1.3,33.3,0.7,1.0,67.3,0.2,0.7,0.9,1.4,0.7,0.1,0.9,1
Andrew Harrison,35.0,26.9,7.2,2.0,6.7,29.6,0.7,2.8,23.5,2.6,3.4,76.5,0.5,2.0,2.4,3.7,1.1,0.5,1.6,0
JaKarr Sampson,74.0,15.3,5.2,2.0,4.7,42.2,0.4,1.7,24.4,0.9,1.3,67.0,0.5,1.7,2.2,1.0,0.5,0.3,1.0,0
Tony Bennett,75.0,11.4,3.7,1.5,3.5,42.3,0.3,1.1,32.5,0.4,0.5,73.2,0.2,0.7,0.8,1.8,0.4,0.0,0.7,0
Duane Cooper,65.0,9.9,2.4,1.0,2.4,39.2,0.1,0.5,23.3,0.4,0.5,71.4,0.2,0.6,0.8,2.3,0.3,0.0,1.1,0
Dave Johnson,42.0,8.5,3.7,1.4,3.5,38.3,0.1,0.3,21.4,1.0,1.4,67.8,0.4,0.7,1.1,0.3,0.2,0.0,0.7,0
Corey Williams,35.0,6.9,2.3,0.9,2.4,36.5,0.0,0.1,33.3,0.5,0.6,81.8,0.5,0.3,0.9,0.7,0.1,0.1,0.3,0
Stephen Howard,49.0,5.3,2.1,0.7,1.9,37.6,0.0,0.0,0.0,0.7,1.1,64.2,0.5,0.7,1.2,0.2,0.3,0.2,0.5,0
Randy Woods,41.0,4.2,1.7,0.6,1.6,34.8,0.1,0.3,21.4,0.5,0.6,73.1,0.1,0.2,0.3,1.0,0.3,0.0,0.4,0
Mitch McGary,32.0,15.2,6.3,2.8,5.2,53.3,0.0,0.1,0.0,0.8,1.3,62.5,1.7,3.5,5.2,0.4,0.5,0.5,1.0,0
Paul Graham,78.0,22.0,10.1,3.9,8.7,44.7,0.7,1.8,39.0,1.6,2.2,74.1,0.9,2.0,3.0,2.2,1.2,0.3,1.2,0
Spencer Dinwiddie,34.0,13.4,4.3,1.5,5.0,30.2,0.4,1.9,18.5,0.9,1.0,91.2,0.1,1.3,1.4,3.1,0.6,0.2,1.0,0
Kevin Lynch,55.0,14.9,4.1,1.7,4.1,41.7,0.1,0.1,37.5,0.6,0.8,76.1,0.5,1.0,1.5,1.5,0.7,0.2,0.8,0
LaBradford Smith,48.0,14.8,5.1,2.1,5.1,40.7,0.0,0.4,9.5,0.9,1.2,80.4,0.6,1.1,1.7,2.1,0.9,0.0,1.3,0
Chris Corchiani,51.0,14.5,5.0,1.5,3.8,39.9,0.2,0.7,27.0,1.8,2.0,87.5,0.4,1.2,1.5,2.8,0.9,0.0,1.4,0
Travis Wear,51.0,13.2,3.9,1.6,4.1,40.2,0.2,0.6,36.7,0.4,0.5,76.9,0.6,1.5,2.1,0.8,0.3,0.2,0.7,0
Tharon Mayes,24.0,10.6,4.1,1.3,4.1,30.3,0.6,1.7,36.6,1.0,1.5,66.7,0.1,0.5,0.7,1.5,0.7,0.1,1.3,0
Greg Sutton,67.0,9.0,3.7,1.4,3.6,38.8,0.4,1.3,29.2,0.5,0.7,75.6,0.1,0.6,0.7,1.4,0.4,0.1,1.0,0
Rodney Monroe,38.0,8.2,3.4,1.4,3.8,36.8,0.2,0.7,22.2,0.5,0.6,82.6,0.3,0.6,0.9,0.7,0.3,0.1,0.6,0
John Turner,42.0,8.2,2.8,1.0,2.3,43.9,0.0,0.0,0.0,0.7,1.4,52.5,0.9,1.0,1.9,0.3,0.1,0.1,0.8,0
Mark Randall,54.0,8.2,3.2,1.3,2.8,45.6,0.1,0.3,18.8,0.6,0.8,74.4,0.7,0.6,1.3,0.6,0.2,0.1,0.5,0
Sean Green,35.0,7.3,4.0,1.8,4.5,39.2,0.1,0.3,20.0,0.4,0.8,53.6,0.6,0.6,1.2,0.6,0.4,0.2,0.8,0
Kevin Brooks,37.0,7.3,2.8,1.2,2.6,44.3,0.1,0.3,18.2,0.5,0.6,81.0,0.4,0.7,1.1,0.3,0.2,0.1,0.5,0
Doug Lee,46.0,6.7,2.6,1.1,2.5,43.1,0.2,0.8,27.0,0.2,0.4,52.6,0.4,0.4,0.8,0.5,0.2,0.0,0.3,0
Corey Crowder,51.0,6.4,2.2,0.8,2.2,38.4,0.3,0.6,43.3,0.3,0.4,83.3,0.3,0.5,0.8,0.3,0.1,0.0,0.3,0
Rich King,40.0,5.3,2.2,0.7,1.8,38.0,0.0,0.0,0.0,0.9,1.1,75.6,0.5,0.7,1.2,0.3,0.1,0.1,0.5,0
Charles Thomas,36.0,4.3,1.3,0.5,1.4,35.3,0.1,0.5,11.8,0.3,0.4,66.7,0.2,0.4,0.6,0.6,0.1,0.0,0.5,0
Gary Harris,55.0,13.1,3.4,1.2,3.9,30.4,0.4,1.9,20.4,0.6,0.9,74.5,0.4,0.8,1.2,0.5,0.7,0.1,0.7,0
Dee Brown,49.0,9.2,1.9,0.7,2.0,32.7,0.1,0.6,21.4,0.5,0.8,64.9,0.2,0.7,0.8,1.7,0.5,0.1,0.6,0
A.J. English,70.0,20.6,8.8,3.6,8.2,43.9,0.0,0.4,9.7,1.6,2.2,70.7,0.9,1.2,2.1,2.5,0.4,0.2,1.6,0
Gerald Paddio,70.0,16.9,7.2,3.0,7.2,41.9,0.1,0.3,25.0,1.1,1.3,79.6,0.5,1.1,1.7,1.3,0.3,0.1,1.0,0
Bo Kimble,62.0,16.2,6.9,2.6,6.7,38.0,0.3,1.0,29.2,1.5,1.9,77.3,0.7,1.2,1.9,1.2,0.5,0.1,1.2,0
Alec Kessler,78.0,16.1,6.2,2.6,6.0,42.5,0.0,0.1,0.0,1.1,1.7,67.2,1.5,2.8,4.3,0.4,0.2,0.3,1.4,0
Marcus Liberty,76.0,15.4,6.7,2.8,6.8,42.1,0.2,0.8,29.8,0.8,1.2,63.0,1.5,1.4,2.9,0.8,0.6,0.3,0.9,0
Jamal Robinson,47.0,14.3,5.6,2.3,5.1,44.6,0.0,0.2,18.2,1.0,1.7,58.8,0.4,1.1,1.5,2.8,0.7,0.2,1.6,0
Jerrod Mustaf,62.0,13.3,4.3,1.7,3.7,46.5,0.0,0.0,0.0,0.9,1.4,64.4,0.8,1.9,2.7,0.6,0.2,0.2,1.0,0
Kevin Pritchard,62.0,12.5,3.9,1.4,3.7,38.4,0.1,0.5,16.1,1.0,1.2,80.5,0.3,0.8,1.0,1.3,0.5,0.1,0.9,0
Gerald Glass,51.0,11.9,6.9,2.9,6.7,43.8,0.0,0.3,11.8,1.0,1.5,68.4,1.1,0.9,2.0,0.8,0.6,0.2,0.8,0
Kyle Anderson,33.0,10.8,2.2,0.9,2.7,34.8,0.1,0.3,27.3,0.3,0.4,64.3,0.2,2.0,2.2,0.8,0.5,0.2,0.3,0
Brian Oliver,73.0,11.0,3.8,1.5,3.7,40.8,0.1,0.2,27.8,0.7,1.0,73.2,0.2,0.8,1.1,1.2,0.5,0.1,0.7,0
Howard Wright,15.0,10.9,3.6,1.3,3.1,40.4,0.0,0.1,0.0,1.1,1.6,66.7,0.8,2.2,3.0,0.2,0.3,0.3,0.7,0
Tate George,56.0,10.6,3.4,1.4,3.4,41.5,0.0,0.0,0.0,0.6,0.7,80.0,0.3,0.5,0.8,1.9,0.5,0.1,0.8,0
Rick Calloway,64.0,10.6,3.2,1.2,3.0,39.1,0.0,0.0,0.0,0.9,1.2,69.6,0.4,0.8,1.2,1.0,0.3,0.1,0.8,0
Andy Toolson,47.0,10.0,2.9,1.1,2.6,40.3,0.3,0.7,37.5,0.5,0.7,75.8,0.7,0.7,1.4,0.7,0.3,0.0,0.5,0
Kennard Winchester,64.0,9.5,3.7,1.5,3.8,40.0,0.1,0.3,40.0,0.5,0.7,77.8,0.5,0.5,1.0,0.4,0.3,0.2,0.5,0
Kenny Williams,75.0,7.0,2.9,1.2,2.4,52.0,0.0,0.0,0.0,0.5,0.7,68.0,0.7,1.0,1.7,0.4,0.1,0.4,0.6,0
Richard Coffey,52.0,6.2,1.3,0.5,1.4,37.3,0.0,0.0,0.0,0.2,0.4,54.5,0.8,0.7,1.5,0.1,0.1,0.1,0.1,0
James Young,31.0,10.7,3.4,1.2,3.3,35.3,0.5,2.1,25.8,0.5,0.9,55.2,0.3,1.1,1.4,0.4,0.3,0.1,0.2,0
Glen Rice,77.0,30.0,13.6,6.1,13.9,43.9,0.2,0.9,24.6,1.2,1.6,73.4,1.3,3.3,4.6,1.8,0.9,0.3,1.5,0
Cory Jefferson,50.0,10.6,3.7,1.5,3.3,44.9,0.0,0.3,13.3,0.6,1.1,57.4,0.9,2.0,2.9,0.3,0.2,0.4,0.4,0
Jeff Martin,69.0,19.6,6.3,2.5,6.0,41.1,0.0,0.2,13.3,1.3,1.9,70.5,1.1,1.2,2.3,0.6,0.6,0.2,0.7,0
Winston Bennett,55.0,18.0,6.1,2.5,5.2,47.9,0.0,0.0,0.0,1.2,1.7,66.7,1.5,1.9,3.4,1.0,0.4,0.2,1.1,0
Noah Vonleh,25.0,10.4,3.3,1.2,3.0,39.5,0.2,0.5,38.5,0.7,1.0,69.2,1.1,2.3,3.4,0.2,0.2,0.4,0.4,0
Scott Haffner,43.0,13.0,4.6,2.0,5.0,40.6,0.1,0.5,14.3,0.4,0.6,68.0,0.2,1.0,1.2,1.9,0.3,0.1,0.8,0
Kenny Battle,59.0,12.4,4.1,1.6,2.9,54.7,0.0,0.1,25.0,0.9,1.4,67.1,0.7,1.4,2.1,0.6,0.6,0.2,0.5,0
Delaney Rudd,77.0,11.0,3.5,1.4,3.4,42.9,0.2,0.7,28.6,0.5,0.7,66.0,0.2,0.6,0.7,2.3,0.3,0.0,1.1,0
John Morton,37.0,10.9,3.9,1.3,4.4,29.8,0.2,0.8,23.3,1.2,1.7,69.4,0.2,0.7,0.9,1.8,0.5,0.1,1.4,0
Doug Roth,42.0,9.8,1.9,0.9,2.0,43.0,0.0,0.0,0.0,0.2,0.3,50.0,1.0,1.8,2.9,0.5,0.2,0.3,0.4,0
Byron Irvin,50.0,9.8,5.2,1.9,4.1,47.3,0.1,0.3,35.7,1.2,1.8,67.0,0.6,0.9,1.5,0.9,0.6,0.0,0.8,0
Michael Smith,65.0,9.5,5.0,2.1,4.4,47.6,0.0,0.4,7.1,0.8,1.0,82.8,0.6,0.9,1.5,1.2,0.1,0.0,0.8,0
Michael Smith,82.0,21.2,6.9,2.7,5.0,54.2,0.0,0.0,0.0,1.5,3.2,48.5,2.1,3.8,5.9,0.8,0.7,0.6,1.3,0
Henry Turner,36.0,8.8,4.3,1.6,3.4,47.5,0.0,0.1,0.0,1.1,1.8,61.5,0.6,0.8,1.4,0.6,0.5,0.2,0.7,0
Charles Smith,60.0,8.7,2.9,1.0,2.2,44.4,0.0,0.1,0.0,0.9,1.3,69.7,0.2,0.9,1.2,1.7,0.6,0.1,0.6,0
Charles Smith,34.0,8.6,3.5,1.4,3.7,39.2,0.4,1.4,31.9,0.2,0.3,54.5,0.4,0.4,0.8,0.6,0.3,0.2,0.8,0
Ed Horton,45.0,8.3,4.5,1.8,3.6,49.4,0.0,0.1,0.0,0.9,1.5,60.9,1.3,1.1,2.4,0.4,0.2,0.1,0.9,0
Frank Kornet,57.0,7.7,2.0,0.7,2.0,36.8,0.1,0.4,25.0,0.4,0.7,61.5,0.4,0.8,1.2,0.4,0.3,0.1,0.4,0
Kenny Payne,35.0,6.2,3.3,1.3,3.1,43.5,0.1,0.3,40.0,0.5,0.5,88.9,0.3,0.4,0.7,0.3,0.2,0.2,0.6,0
Mike Williams,21.0,4.9,0.7,0.3,0.9,33.3,0.0,0.0,0.0,0.1,0.3,50.0,0.2,0.9,1.1,0.1,0.1,0.3,0.1,0
Mike Morrison,36.0,4.3,2.0,0.6,1.9,33.8,0.1,0.2,28.6,0.7,0.8,80.0,0.2,0.4,0.6,0.3,0.1,0.0,0.6,0
Nate Johnston,21.0,4.1,2.2,0.9,2.3,37.5,0.0,0.2,25.0,0.4,0.6,69.2,0.6,0.5,1.1,0.0,0.1,0.4,0.3,0
Sylvester Gray,55.0,22.2,8.0,3.0,7.2,42.0,0.0,0.1,25.0,1.9,2.8,67.3,2.1,3.1,5.2,2.1,0.7,0.5,1.9,0
Ricky Berry,64.0,22.0,11.0,4.0,8.9,45.0,1.0,2.5,40.6,2.0,2.6,78.9,0.9,2.2,3.1,1.3,0.6,0.3,1.3,0
Tom Garrick,71.0,21.1,6.4,2.5,5.1,49.0,0.0,0.2,0.0,1.4,1.8,80.3,0.5,1.7,2.2,3.4,1.1,0.1,1.6,0
Michael Anderson,65.0,18.5,7.4,2.9,5.8,50.1,0.0,0.1,0.0,1.5,2.7,57.1,1.8,2.7,4.5,1.0,1.0,0.3,1.2,0
Kelvin Upshaw,32.0,19.3,6.8,3.1,6.6,46.7,0.1,0.5,20.0,0.6,0.8,69.2,0.3,1.2,1.5,3.7,0.8,0.1,1.7,0
Derrick Chievous,81.0,19.0,9.3,3.4,7.8,43.7,0.1,0.3,20.8,2.4,3.0,78.3,1.4,1.8,3.2,1.0,0.6,0.1,1.7,0
Todd Mitchell,24.0,14.7,5.1,1.8,4.0,44.3,0.0,0.0,0.0,1.5,2.7,57.8,0.8,1.3,2.1,0.9,0.7,0.1,1.4,0
John Shasky,65.0,14.5,5.5,1.9,3.8,48.8,0.0,0.0,0.0,1.8,2.6,68.9,1.5,2.1,3.6,0.3,0.2,0.2,0.7,0
Shelton Jones,51.0,13.4,4.8,1.8,4.1,44.5,0.0,0.0,0.0,1.1,1.6,72.5,0.6,1.6,2.2,0.8,0.4,0.3,0.9,0
Craig Neal,53.0,9.4,2.2,0.8,2.3,36.6,0.2,0.6,29.4,0.3,0.4,60.9,0.1,0.4,0.5,2.2,0.5,0.1,1.0,0
David Rivers,47.0,9.4,2.9,1.0,2.6,40.2,0.0,0.1,16.7,0.7,0.9,83.3,0.3,0.6,0.9,2.3,0.5,0.2,1.3,0
Bill Jones,37.0,8.3,3.5,1.4,2.8,49.0,0.0,0.0,0.0,0.8,1.2,67.4,0.5,0.7,1.3,0.5,0.5,0.2,0.5,0
Mark Davis,33.0,7.8,3.8,1.5,3.1,48.0,0.0,0.3,10.0,0.8,1.0,82.4,0.5,0.6,1.1,0.4,0.4,0.1,0.4,0
Mark Davis,57.0,10.0,3.3,1.0,2.6,36.9,0.1,0.2,30.8,1.3,2.0,63.8,1.0,1.2,2.2,0.8,0.7,0.4,1.2,0
Troy Williams,24.0,17.4,5.3,2.1,5.1,41.8,0.4,1.7,24.4,0.6,1.0,60.0,0.3,1.6,1.8,0.8,1.0,0.4,1.1,0
Hollis Thompson,77.0,22.6,6.0,2.2,4.8,46.0,0.9,2.2,40.1,0.7,0.9,71.2,0.9,2.3,3.2,0.9,0.7,0.2,0.8,0
Ron Grandison,72.0,7.3,2.5,0.8,2.0,41.5,0.0,0.1,0.0,0.8,1.1,73.8,0.7,0.6,1.3,0.6,0.3,0.0,0.5,0
Anthony Frederick,46.0,6.8,3.3,1.4,2.7,50.4,0.0,0.1,40.0,0.5,0.7,70.6,0.6,0.6,1.1,0.4,0.3,0.1,0.7,0
Everette Stephens,35.0,6.0,1.9,0.7,2.1,31.9,0.1,0.3,20.0,0.5,0.6,77.3,0.3,0.3,0.7,1.1,0.3,0.1,0.8,0
Nate Wolters,58.0,22.6,7.2,2.9,6.7,43.7,0.3,1.1,29.0,1.0,1.6,65.6,0.6,2.0,2.6,3.2,0.6,0.3,1.0,0
Ryan Kelly,59.0,22.2,8.0,2.7,6.3,42.3,0.8,2.4,33.8,1.9,2.3,81.5,0.7,3.0,3.7,1.6,0.5,0.8,0.8,0
Ricky Wilson,24.0,17.5,5.2,1.8,4.6,39.1,0.4,1.1,38.5,1.2,1.7,72.5,0.1,1.0,1.1,2.9,1.0,0.1,1.0,0
Dallas Comegys,75.0,15.0,5.6,2.1,4.8,43.0,0.0,0.0,0.0,1.4,2.0,70.7,0.7,2.2,2.9,0.9,0.5,0.9,1.6,0
Michael Jackson,58.0,13.1,2.7,1.1,2.9,37.4,0.1,0.4,24.0,0.4,0.6,71.9,0.3,0.7,1.0,3.1,0.3,0.1,1.0,0
Tony White,49.0,11.9,5.3,2.3,5.1,44.6,0.0,0.1,0.0,0.8,1.1,72.2,0.2,0.4,0.6,1.2,0.4,0.0,1.0,0
Milt Wagner,40.0,9.5,3.8,1.6,3.7,42.2,0.1,0.3,20.0,0.7,0.7,89.7,0.1,0.6,0.7,1.5,0.1,0.1,0.6,0
Clinton Wheeler,59.0,8.7,2.5,1.1,2.2,47.0,0.0,0.0,0.0,0.4,0.6,73.5,0.3,0.4,0.7,1.7,0.6,0.0,0.9,0
Billy Donovan,44.0,8.3,2.4,1.0,2.5,40.4,0.0,0.2,0.0,0.4,0.5,81.0,0.1,0.5,0.6,2.0,0.4,0.0,0.9,0
John Stroeder,41.0,6.6,1.9,0.7,1.9,36.7,0.0,0.0,0.0,0.5,0.7,66.7,0.6,1.1,1.7,0.5,0.1,0.3,0.6,0
Ray McCallum,45.0,19.9,6.2,2.5,6.7,37.7,0.5,1.3,37.3,0.7,1.0,74.4,0.4,1.4,1.8,2.7,0.5,0.2,0.9,0
Ralph Lewis,50.0,6.2,1.7,0.5,1.7,31.0,0.0,0.0,0.0,0.6,1.0,60.4,0.3,0.7,1.0,0.3,0.3,0.1,0.4,0
Kentavious Caldwell-Pope,80.0,19.8,5.9,2.3,5.8,39.6,0.7,2.3,31.9,0.6,0.8,77.0,0.5,1.5,2.0,0.7,0.9,0.1,0.3,0
Harold Pressley,67.0,13.6,4.6,2.0,4.7,42.3,0.1,0.4,25.0,0.5,0.7,72.9,1.0,1.6,2.6,1.8,0.6,0.3,0.9,0
Anthony Jones,65.0,13.2,5.0,2.0,5.0,41.3,0.1,0.3,35.0,0.8,1.0,76.9,0.6,1.0,1.6,1.1,0.7,0.3,0.8,0
Grant Gondrezick,64.0,13.1,5.5,2.1,4.7,45.0,0.1,0.3,23.5,1.2,1.7,70.1,0.7,1.0,1.7,1.3,0.4,0.1,0.9,0
Keith Smith,42.0,11.0,3.3,1.4,3.6,38.0,0.1,0.2,33.3,0.5,0.7,75.0,0.3,0.5,0.8,1.0,0.6,0.1,0.7,0
Johnny Rogers,45.0,10.4,4.2,2.0,4.1,48.6,0.0,0.1,0.0,0.2,0.3,60.0,0.7,1.0,1.7,0.6,0.2,0.2,0.4,0
Clinton Smith,41.0,8.3,3.1,1.2,2.9,42.7,0.0,0.0,0.0,0.7,0.9,75.0,0.6,0.7,1.4,1.1,0.3,0.0,0.6,0
Bob Martin,43.0,6.7,3.4,1.2,3.1,37.8,0.1,0.3,20.0,1.0,1.5,63.6,0.3,0.7,1.0,0.8,0.3,0.1,0.8,0
Bob Martin,53.0,10.1,2.1,0.8,1.7,45.5,0.0,0.0,0.0,0.6,1.0,60.8,0.7,1.5,2.2,0.3,0.1,0.6,0.6,0
Conner Henry,54.0,6.0,2.3,0.9,2.5,33.8,0.2,0.8,31.0,0.3,0.5,63.0,0.1,0.5,0.6,0.6,0.2,0.0,0.5,0
Cody Zeller,82.0,17.3,6.0,2.1,4.9,42.6,0.0,0.0,0.0,1.8,2.4,73.0,1.4,2.9,4.3,1.1,0.5,0.5,1.1,0
Keith Lee,58.0,20.6,7.4,3.1,6.6,46.6,0.0,0.2,22.2,1.3,1.7,78.1,2.0,4.1,6.1,1.2,0.5,0.6,1.3,0
Marquese Chriss,34.0,17.1,7.0,2.7,6.3,42.7,0.6,2.1,31.0,1.0,1.7,59.6,1.1,2.2,3.3,0.5,0.5,0.5,1.2,0
Nick Calathes,71.0,16.5,4.9,2.0,4.4,45.7,0.3,0.9,31.1,0.6,1.0,61.1,0.3,1.6,1.9,2.9,0.9,0.1,1.4,0
Carey Scurry,78.0,15.0,4.7,1.8,3.9,47.2,0.0,0.1,9.1,1.0,1.6,61.9,1.2,1.9,3.1,1.1,1.0,0.8,1.2,0
Dirk Minniefield,76.0,14.9,5.5,2.2,4.6,48.1,0.1,0.5,27.0,1.0,1.2,78.5,0.6,1.2,1.7,3.5,0.9,0.0,1.4,0
Alfredrick Hughes,68.0,12.7,5.2,2.2,5.5,40.9,0.0,0.3,17.6,0.7,1.2,58.3,0.7,0.9,1.7,0.9,0.4,0.1,0.9,0
Bill Martin,66.0,10.5,5.0,2.2,4.5,48.0,0.0,0.1,0.0,0.7,0.8,85.2,0.6,0.9,1.5,0.8,0.3,0.1,0.9,0
Tony Snell,77.0,16.0,4.5,1.7,4.4,38.4,0.7,2.3,32.0,0.4,0.5,75.6,0.2,1.4,1.6,0.9,0.4,0.2,0.6,0
Fred Cofield,45.0,10.4,3.7,1.7,4.1,40.8,0.1,0.3,20.0,0.3,0.4,60.0,0.1,0.9,1.0,1.8,0.4,0.1,1.1,0
Dwayne McClain,45.0,10.2,3.5,1.5,4.0,38.3,0.0,0.2,11.1,0.4,0.8,51.4,0.3,0.4,0.7,1.5,0.8,0.1,0.9,0
Lorenzo Charles,36.0,7.6,3.4,1.4,2.4,55.7,0.0,0.0,0.0,0.7,1.0,66.7,0.4,0.7,1.1,0.2,0.1,0.2,0.5,0
Phil Pressey,75.0,15.1,2.8,1.0,3.4,30.8,0.4,1.4,26.4,0.4,0.6,64.4,0.3,1.1,1.4,3.2,0.9,0.1,1.2,0
Charles Jones,78.0,20.1,8.4,3.0,5.8,52.0,0.0,0.1,0.0,2.3,3.6,64.8,1.8,3.3,5.1,1.6,0.6,0.8,1.8,0
Charles Jones,29.0,16.4,3.7,1.3,4.2,31.7,0.7,2.1,31.1,0.4,0.8,50.0,0.3,1.1,1.4,1.4,0.6,0.2,1.0,0
Terence Stansbury,74.0,17.3,7.1,2.8,6.2,45.9,0.1,0.3,16.0,1.4,1.7,81.0,0.5,1.0,1.5,1.7,0.6,0.2,1.1,0
Othell Wilson,74.0,17.0,4.4,1.8,3.9,46.0,0.0,0.2,18.8,0.7,1.0,71.1,0.5,1.3,1.8,2.9,1.0,0.2,1.3,0
Chuck Aleksinas,74.0,15.1,5.1,2.2,4.6,47.8,0.0,0.0,0.0,0.7,1.0,73.3,1.2,2.5,3.6,0.5,0.2,0.2,1.0,0
Devin Durrant,59.0,12.8,5.1,1.9,4.6,41.6,0.0,0.1,0.0,1.2,1.7,70.6,0.8,1.3,2.1,1.4,0.3,0.2,1.3,0
Ron Cavenall,53.0,12.3,1.5,0.5,1.6,32.6,0.0,0.0,0.0,0.4,0.7,56.4,1.0,2.1,3.1,0.4,0.2,0.8,0.8,0
Lancaster Gordon,63.0,10.8,4.1,1.7,4.6,38.3,0.0,0.1,22.2,0.6,0.8,75.5,0.4,0.6,1.0,1.4,0.5,0.1,1.1,0
Gary Plummer,66.0,10.6,3.8,1.4,3.5,39.7,0.0,0.1,25.0,1.0,1.4,70.7,0.8,1.2,2.0,0.4,0.2,0.2,0.8,0
Kenny Fields,51.0,10.5,3.8,1.6,3.7,44.0,0.0,0.0,0.0,0.5,0.7,75.0,0.8,0.8,1.6,0.7,0.2,0.2,0.6,0
Cory Blackwell,60.0,9.2,3.4,1.5,4.0,36.7,0.0,0.0,0.0,0.5,0.9,50.9,0.7,0.9,1.6,0.4,0.4,0.1,0.7,0
Peter Thibeaux,51.0,9.0,4.5,1.8,3.8,48.2,0.0,0.0,0.0,0.8,1.3,64.2,0.6,0.8,1.4,0.3,0.2,0.3,0.7,0
Steve Burtt,47.0,8.9,4.2,1.5,4.0,38.3,0.0,0.0,0.0,1.1,1.6,68.8,0.2,0.4,0.6,0.4,0.5,0.1,0.7,0
Charlie Sitton,43.0,7.1,2.1,0.9,2.2,41.5,0.0,0.0,0.0,0.3,0.6,52.0,0.6,0.8,1.4,0.6,0.2,0.1,0.4,0
Willie White,39.0,6.0,3.3,1.3,3.2,41.9,0.1,0.3,36.4,0.5,0.8,67.7,0.4,0.5,0.9,0.7,0.1,0.1,0.8,0
Paul Thompson,82.0,21.1,9.0,3.8,8.1,46.7,0.1,0.5,23.1,1.4,1.8,77.2,1.5,2.3,3.8,1.5,0.8,0.5,0.9,0
Rod Foster,80.0,17.8,8.3,3.3,7.3,44.8,0.3,1.1,26.2,1.5,1.9,78.7,0.5,1.0,1.5,2.2,0.7,0.1,1.4,0
Dewayne Dedmon,31.0,12.6,3.1,1.2,2.7,45.8,0.0,0.0,0.0,0.7,1.0,65.6,1.2,2.9,4.1,0.2,0.2,0.7,0.6,0
Jim Thomas,72.0,16.9,6.3,2.6,5.6,46.4,0.0,0.2,9.1,1.1,1.5,72.7,0.8,1.3,2.1,1.8,0.8,0.1,1.0,0
Sidney Lowe,78.0,15.9,4.2,1.4,3.3,41.3,0.0,0.2,11.1,1.4,1.8,77.7,0.4,1.2,1.6,3.4,1.2,0.1,1.4,0
C.J. McCollum,38.0,12.5,5.3,1.9,4.7,41.6,0.8,2.1,37.5,0.6,0.9,67.6,0.2,1.1,1.3,0.7,0.4,0.1,0.9,0
Howard Carter,55.0,12.5,6.2,2.6,5.7,45.9,0.1,0.3,26.3,0.9,1.1,77.0,0.7,0.9,1.6,1.3,0.3,0.1,0.8,0
Dane Suttle,40.0,11.7,6.5,2.7,5.4,50.9,0.0,0.1,0.0,1.0,1.2,85.1,0.5,0.6,1.2,1.2,0.5,0.0,0.8,0
Scooter McCray,47.0,11.1,2.7,1.0,2.6,38.8,0.0,0.0,0.0,0.7,1.1,70.0,1.0,1.5,2.4,0.9,0.2,0.4,0.7,0
Leroy Combs,48.0,9.3,4.5,1.7,3.4,49.7,0.0,0.1,0.0,1.2,1.9,61.5,0.4,0.8,1.2,0.8,0.5,0.4,1.0,0
Larry Micheaux,39.0,8.5,3.1,1.3,2.3,54.4,0.0,0.0,0.0,0.5,1.0,53.8,1.0,1.9,2.9,0.5,0.5,0.3,0.5,0
Kris Dunn,33.0,16.9,4.1,1.5,4.1,37.3,0.3,0.9,29.0,0.8,1.2,62.5,0.4,1.9,2.2,2.4,1.0,0.3,1.2,0
Robbie Hummel,53.0,12.4,3.4,1.3,3.3,37.9,0.6,1.7,36.0,0.3,0.3,93.8,0.7,1.8,2.5,0.4,0.3,0.0,0.2,0
Jeff Withey,58.0,11.8,3.3,1.2,2.2,53.5,0.0,0.0,0.0,0.9,1.3,71.2,0.8,1.7,2.6,0.4,0.3,0.9,0.3,0
Jerry Eaves,82.0,19.4,9.3,3.4,7.0,48.7,0.0,0.1,12.5,2.4,3.0,81.0,0.4,1.1,1.5,2.6,0.6,0.0,1.9,0
Brandon Davies,51.0,11.3,2.8,1.1,2.5,42.2,0.0,0.2,20.0,0.7,1.0,64.2,0.7,1.4,2.1,0.5,0.5,0.2,0.7,0
Bill Garnett,75.0,18.8,6.3,2.3,4.3,53.3,0.0,0.0,0.0,1.7,2.3,74.1,1.9,3.5,5.4,1.4,0.6,0.9,1.1,0
Jeff Taylor,44.0,17.6,3.6,1.5,3.6,40.0,0.0,0.0,0.0,0.7,1.0,65.2,0.6,1.2,1.8,2.5,0.9,0.3,1.4,0
Jeff Taylor,77.0,19.6,6.1,2.2,5.2,43.1,0.7,2.0,34.4,1.0,1.3,72.8,0.7,1.3,1.9,0.8,0.6,0.2,0.6,0
Bryan Warrick,43.0,16.9,4.0,1.5,4.0,38.0,0.0,0.1,0.0,1.0,1.3,73.7,0.3,1.3,1.6,2.9,0.5,0.2,1.6,0
Russ Schoene,77.0,15.9,6.2,2.7,5.6,47.6,0.0,0.1,25.0,0.8,1.1,73.5,1.2,2.1,3.3,0.8,0.3,0.3,1.1,0
Archie Goodwin,52.0,10.3,3.7,1.5,3.2,45.5,0.1,0.7,13.9,0.7,1.1,67.3,0.5,1.2,1.7,0.4,0.4,0.2,0.8,0
Bruce Flowers,53.0,13.2,4.9,2.1,3.9,53.4,0.0,0.0,0.0,0.8,1.0,77.4,1.3,2.1,3.4,0.9,0.4,0.2,0.8,0
Corny Thompson,44.0,11.8,2.8,1.0,3.1,31.4,0.0,0.0,0.0,0.8,1.0,78.3,0.9,1.8,2.7,0.8,0.3,0.2,0.7,0
Walker Russell,68.0,11.1,2.7,1.0,2.7,36.4,0.0,0.3,11.1,0.7,0.9,81.0,0.3,0.8,1.1,1.9,0.2,0.0,1.4,0
Dave Batton,54.0,10.3,3.3,1.6,3.5,44.5,0.0,0.1,0.0,0.1,0.3,47.1,0.8,1.4,2.2,0.5,0.3,0.2,0.5,0
Darren Tillis,52.0,10.1,3.2,1.5,3.5,42.0,0.0,0.0,0.0,0.3,0.5,57.1,0.8,1.7,2.5,0.3,0.1,0.6,0.4,0
Linton Townes,55.0,9.4,4.5,1.9,4.3,44.9,0.2,0.5,36.0,0.5,0.7,73.7,0.5,0.6,1.2,0.6,0.3,0.1,0.6,0
Eddie Phillips,48.0,8.7,3.2,1.2,2.9,40.6,0.0,0.0,0.0,0.8,1.2,67.8,0.6,1.0,1.6,0.6,0.3,0.2,1.0,0
Jose Slaughter,63.0,8.2,3.6,1.4,3.8,37.4,0.1,0.7,22.0,0.6,0.9,64.4,0.5,0.5,1.1,0.8,0.6,0.1,0.7,0
Rickey Williams,44.0,7.9,3.3,1.3,3.1,41.5,0.0,0.1,0.0,0.8,1.2,66.0,0.3,0.5,0.9,0.8,0.5,0.1,0.9,0
Oliver Robinson,35.0,4.2,2.9,1.0,2.8,36.1,0.0,0.3,9.1,0.9,1.3,66.7,0.2,0.3,0.5,0.6,0.1,0.1,0.4,0
Rudy Macklin,79.0,19.2,7.0,2.7,6.1,43.4,0.0,0.0,0.0,1.7,2.2,77.5,1.4,1.9,3.3,0.6,0.5,0.3,1.4,0
Jim Brogan,63.0,16.3,6.3,2.6,5.8,45.3,0.1,0.5,28.1,1.0,1.3,72.6,1.0,0.9,1.9,2.5,0.8,0.2,1.3,0
John Douglas,64.0,16.1,7.0,2.8,6.1,46.5,0.3,0.9,30.5,1.0,1.6,65.7,0.4,1.0,1.4,2.3,0.8,0.1,1.4,0
Kevin Loder,71.0,16.0,6.9,2.9,6.3,46.4,0.0,0.2,0.0,1.1,1.5,72.0,1.0,1.8,2.7,1.2,0.5,0.4,1.0,0
Ed Rains,49.0,13.0,3.9,1.6,3.6,43.5,0.0,0.0,0.0,0.8,1.3,59.4,0.8,0.9,1.6,0.8,0.4,0.0,0.5,0
Peyton Siva,24.0,9.3,2.3,0.8,2.4,31.6,0.3,1.0,28.0,0.5,0.6,73.3,0.1,0.5,0.6,1.4,0.4,0.0,0.8,0
Ray Blume,49.0,11.1,4.6,2.1,4.5,45.9,0.1,0.4,22.2,0.4,0.6,64.3,0.3,0.6,0.8,1.4,0.5,0.0,1.1,0
Garry Witts,46.0,10.7,2.9,1.1,1.8,58.3,0.0,0.0,50.0,0.7,0.9,82.5,0.6,0.7,1.3,0.8,0.4,0.1,0.8,0
Charlie Davis,54.0,10.6,3.8,1.6,3.4,47.8,0.0,0.0,0.0,0.6,0.7,81.1,1.0,1.5,2.5,0.6,0.2,0.2,0.8,0
Mark Radford,43.0,8.6,3.4,1.3,2.3,54.0,0.0,0.1,66.7,0.8,1.6,50.7,0.3,0.4,0.7,1.3,0.4,0.1,1.0,0
Alex Bradley,39.0,8.5,3.5,1.4,2.6,52.4,0.0,0.0,0.0,0.7,1.2,60.4,0.8,0.9,1.7,0.3,0.3,0.1,0.7,0
Reggie Bullock,43.0,9.2,2.7,1.0,2.8,35.5,0.5,1.7,30.1,0.2,0.2,77.8,0.3,1.0,1.3,0.3,0.2,0.0,0.3,0
Howard Wood,42.0,8.1,3.4,1.3,2.9,45.8,0.0,0.0,0.0,0.8,1.2,65.4,0.5,1.0,1.5,0.2,0.2,0.1,0.4,0
Bobby Cattage,49.0,6.9,3.1,1.2,2.8,44.4,0.0,0.0,0.0,0.6,0.8,73.2,0.4,1.0,1.5,0.1,0.1,0.0,0.4,0
Charles Bradley,51.0,6.6,3.0,1.1,2.4,45.1,0.0,0.0,0.0,0.8,1.2,67.7,0.2,0.5,0.7,0.4,0.3,0.1,0.7,0
Malcolm Delaney,33.0,16.4,5.3,2.0,5.3,37.1,0.2,1.4,17.4,1.1,1.3,86.0,0.2,1.5,1.6,2.8,0.4,0.0,1.5,0
Otto Porter,37.0,8.6,2.1,0.9,2.5,36.3,0.1,0.6,19.0,0.2,0.3,66.7,0.6,1.0,1.5,0.3,0.2,0.0,0.4,0
Cedrick Hordges,68.0,23.5,8.4,3.3,7.1,46.0,0.0,0.0,0.0,1.9,2.7,69.9,1.8,5.0,6.7,1.5,0.5,0.3,1.8,0
Calvin Garrett,70.0,23.4,6.1,2.7,5.9,45.3,0.0,0.0,33.3,0.7,0.9,80.6,1.2,2.6,3.8,1.9,0.7,0.1,1.3,0
Reggie Johnson,79.0,21.7,10.2,4.3,8.6,49.9,0.0,0.0,0.0,1.6,2.4,66.3,1.7,2.9,4.5,1.0,0.6,0.6,1.6,0
Larry Drew,76.0,20.8,6.6,2.6,6.4,40.7,0.1,0.2,23.5,1.4,1.8,79.7,0.3,1.3,1.6,3.3,1.2,0.1,2.2,0
Lowes Moore,71.0,19.8,7.0,3.0,6.7,44.4,0.1,0.4,14.8,1.0,1.3,75.0,0.6,1.8,2.4,3.2,0.9,0.2,1.5,0
Wayne Robinson,81.0,19.7,7.9,2.9,6.3,46.0,0.0,0.1,0.0,2.2,3.0,72.9,1.4,2.2,3.6,1.4,0.6,0.3,1.8,0
Solomon Hill,28.0,8.1,1.7,0.6,1.4,42.5,0.3,0.8,30.4,0.2,0.3,85.7,0.3,1.1,1.5,0.4,0.2,0.1,0.5,0
Sam Worthen,64.0,14.8,3.7,1.5,3.0,49.5,0.0,0.1,0.0,0.7,0.9,75.0,0.3,1.5,1.8,1.8,0.9,0.1,1.4,0
John Duren,40.0,11.5,1.8,0.8,2.5,32.7,0.0,0.0,0.0,0.1,0.2,55.6,0.2,0.7,0.9,1.4,0.5,0.1,0.9,0
James Wilkes,48.0,11.3,4.1,1.8,3.8,46.2,0.0,0.0,0.0,0.6,0.9,69.0,0.8,1.3,2.0,0.6,0.5,0.3,0.7,0
Shabazz Muhammad,37.0,7.8,3.9,1.5,3.4,46.0,0.1,0.3,27.3,0.7,1.1,65.0,0.6,0.8,1.4,0.2,0.2,0.0,0.4,0
DeWayne Scales,44.0,11.0,4.9,2.1,5.1,41.8,0.0,0.1,16.7,0.6,0.9,66.7,1.1,1.9,3.0,0.2,0.3,0.1,0.7,0
Craig Shelton,55.0,10.7,4.3,1.8,4.0,45.7,0.0,0.0,0.0,0.6,1.1,60.3,1.1,1.4,2.5,0.5,0.3,0.1,1.1,0
Billy Reid,59.0,10.1,3.2,1.4,3.1,45.4,0.0,0.1,0.0,0.4,0.7,56.4,0.5,0.6,1.0,1.2,0.6,0.1,1.3,0
Reggie Carter,60.0,8.9,2.8,1.0,3.0,33.0,0.0,0.1,0.0,0.9,1.2,73.9,0.5,0.7,1.2,1.3,0.4,0.0,0.6,0
Mike Niles,44.0,5.3,2.6,1.1,3.1,34.8,0.0,0.1,50.0,0.4,0.8,45.9,0.6,0.7,1.3,0.3,0.2,0.0,0.6,0
Toure' Murry,51.0,7.3,2.7,1.1,2.5,43.4,0.1,0.2,41.7,0.5,0.8,59.0,0.3,0.6,0.9,1.0,0.4,0.0,0.7,0
Dionte Christmas,31.0,6.4,2.3,0.7,2.0,35.5,0.3,1.0,29.0,0.6,0.8,75.0,0.4,0.8,1.2,0.3,0.1,0.1,0.2,0
Semaj Christon,33.0,15.6,3.0,1.3,4.0,31.8,0.2,1.1,16.7,0.3,0.5,52.9,0.4,1.0,1.4,2.5,0.4,0.1,0.7,0
Caris LeVert,12.0,15.5,4.7,1.6,4.4,35.8,0.8,2.6,32.3,0.7,1.0,66.7,0.3,2.3,2.6,1.3,0.9,0.2,0.6,0
Jared Sullinger,45.0,19.8,6.0,2.5,5.0,49.3,0.0,0.1,20.0,1.0,1.4,74.6,2.0,3.8,5.9,0.8,0.5,0.5,0.6,0
Kendall Marshall,48.0,14.6,3.0,1.2,3.1,37.1,0.5,1.5,31.5,0.2,0.3,57.1,0.1,0.8,0.9,3.0,0.5,0.1,1.2,0
Sheldon McClellan,11.0,13.7,4.8,1.5,3.7,41.5,0.3,1.4,20.0,1.5,1.6,88.9,0.2,0.7,0.9,0.8,0.5,0.1,0.2,0
Doron Lamb,47.0,12.3,3.3,1.3,3.5,36.8,0.3,0.8,37.8,0.4,0.7,58.8,0.2,0.8,1.0,0.7,0.3,0.0,0.6,0
Orlando Johnson,51.0,12.1,4.0,1.4,3.5,40.0,0.7,1.8,38.3,0.5,0.6,71.9,0.4,1.8,2.2,0.9,0.2,0.2,0.6,0
Arnett Moultrie,47.0,11.5,3.7,1.7,2.9,58.2,0.0,0.0,0.0,0.4,0.6,64.3,1.6,1.5,3.1,0.2,0.4,0.2,0.4,0
Bernard James,46.0,9.9,2.8,1.2,2.2,51.5,0.0,0.0,0.0,0.5,0.9,61.0,1.1,1.7,2.8,0.1,0.3,0.8,0.4,0
Kim English,41.0,9.9,2.9,1.0,2.7,37.5,0.3,1.2,28.0,0.5,0.7,72.4,0.2,0.7,0.9,0.6,0.4,0.1,0.5,0
Rodney McGruder,30.0,25.7,5.8,2.1,5.3,40.0,0.8,2.6,32.5,0.7,1.0,72.4,1.5,2.0,3.5,1.5,0.7,0.3,0.7,0
Marquis Teague,48.0,8.2,2.1,0.9,2.4,38.1,0.1,0.5,17.4,0.2,0.3,56.3,0.1,0.9,0.9,1.3,0.2,0.1,0.7,0
Tony Wroten,35.0,7.8,2.6,0.9,2.5,38.4,0.1,0.5,25.0,0.6,0.8,72.4,0.4,0.4,0.8,1.2,0.2,0.1,0.8,0
Maalik Wayns,27.0,7.5,2.8,1.0,3.3,29.5,0.3,1.1,22.6,0.6,0.7,89.5,0.0,0.2,0.3,1.0,0.2,0.0,0.6,0
MarShon Brooks,56.0,29.4,12.6,4.9,11.4,42.8,0.8,2.7,31.3,2.0,2.6,76.4,1.3,2.3,3.6,2.3,0.9,0.3,2.1,0
Wade Baldwin,22.0,13.5,3.5,1.2,3.8,31.3,0.1,0.8,11.1,1.0,1.3,82.1,0.3,1.1,1.5,2.1,0.6,0.3,1.3,0
Chris Singleton,66.0,21.7,4.6,1.8,4.7,37.2,0.7,1.9,34.6,0.5,0.7,68.2,0.7,2.9,3.5,0.7,1.1,0.5,0.6,0
Charles Jenkins,51.0,17.5,5.8,2.5,5.7,44.7,0.1,0.4,15.0,0.7,0.8,87.2,0.2,1.2,1.3,3.3,0.7,0.1,1.2,0
Jaylen Brown,34.0,13.4,4.9,1.9,4.4,44.6,0.4,1.1,31.6,0.7,1.1,63.2,0.6,1.2,1.8,0.6,0.3,0.3,0.6,0
Ivan Johnson,56.0,16.7,6.4,2.5,4.9,51.3,0.0,0.1,33.3,1.3,1.8,72.0,1.2,2.9,4.0,0.6,0.8,0.3,1.2,0
Jordan Williams,43.0,14.8,4.6,1.8,3.5,50.7,0.0,0.0,0.0,1.0,1.5,65.2,1.5,2.1,3.6,0.3,0.5,0.3,0.5,0
Josh Harrellson,37.0,14.6,4.4,1.7,4.0,42.3,0.5,1.6,33.9,0.4,0.7,61.5,1.3,2.6,3.9,0.3,0.6,0.5,0.5,0
Jeremy Tyler,42.0,13.5,4.9,2.1,5.0,42.1,0.0,0.0,0.0,0.7,1.2,55.8,1.3,2.0,3.3,0.4,0.4,0.5,0.9,0
Nolan Smith,44.0,12.3,3.8,1.5,4.1,37.2,0.3,1.0,28.9,0.5,0.6,71.4,0.4,0.9,1.3,1.4,0.4,0.1,0.9,0
Cory Higgins,38.0,11.1,3.9,1.4,4.2,32.5,0.1,0.5,20.0,1.1,1.6,70.0,0.2,0.7,0.9,0.9,0.1,0.2,1.0,0
Andrew Goudelock,40.0,10.5,4.4,1.7,4.4,39.1,0.7,1.9,37.3,0.3,0.3,91.7,0.1,0.7,0.8,0.5,0.1,0.0,0.5,0
Mickell Gladness,26.0,9.7,2.2,1.0,2.3,42.4,0.0,0.0,0.0,0.2,0.5,50.0,0.5,1.7,2.2,0.2,0.1,0.8,0.3,0
Patrick McCaw,26.0,12.2,2.8,1.1,2.8,38.9,0.6,1.5,37.5,0.1,0.2,50.0,0.3,0.8,1.0,1.0,0.4,0.3,0.6,0
Jeremy Pargo,44.0,9.6,2.9,1.1,3.4,33.3,0.2,0.9,26.3,0.4,0.6,59.3,0.3,0.6,0.8,1.3,0.3,0.0,1.1,0
JaJuan Johnson,36.0,8.3,3.2,1.5,3.4,44.6,0.0,0.0,0.0,0.2,0.3,66.7,0.6,1.1,1.6,0.2,0.1,0.4,0.4,0
Jordan Crawford,42.0,24.5,11.7,4.6,11.9,38.4,0.8,3.0,25.8,1.7,2.0,86.9,0.7,1.8,2.5,2.8,0.9,0.1,2.0,0
Kay Felder,15.0,11.0,5.4,1.8,4.1,43.5,0.3,0.6,44.4,1.5,2.0,76.7,0.1,1.1,1.3,1.9,0.4,0.2,0.7,0
Manny Harris,54.0,17.3,5.9,2.0,5.4,37.4,0.6,1.7,37.0,1.3,1.7,76.3,0.7,1.9,2.6,1.6,0.6,0.1,1.2,0
Luke Harangody,49.0,13.1,3.9,1.6,4.2,38.3,0.3,1.3,24.2,0.4,0.5,73.1,0.8,2.1,2.9,0.6,0.3,0.3,0.3,0
Ben Uzoh,42.0,10.4,3.8,1.5,3.4,42.4,0.1,0.2,37.5,0.8,1.3,58.9,0.7,0.7,1.5,1.6,0.3,0.2,0.6,0
Lazar Hayward,42.0,10.0,3.8,1.3,3.7,35.7,0.4,1.4,28.3,0.8,1.0,78.6,0.5,1.1,1.7,0.7,0.3,0.2,0.5,0
Armon Johnson,38.0,7.3,2.9,1.2,2.7,45.5,0.1,0.3,41.7,0.3,0.6,59.1,0.3,0.7,0.9,1.2,0.1,0.0,1.0,0
Mustafa Shakur,22.0,7.2,2.3,1.0,2.7,35.6,0.0,0.5,10.0,0.4,0.7,53.3,0.3,0.7,1.0,1.1,0.2,0.1,0.8,0
Derrick Caracter,41.0,5.2,2.0,0.8,1.6,48.5,0.0,0.0,0.0,0.4,0.6,73.9,0.5,0.6,1.0,0.2,0.1,0.2,0.5,0
Terrence Williams,78.0,22.6,8.4,3.3,8.3,40.1,0.4,1.3,31.0,1.3,1.8,71.5,0.6,3.9,4.5,2.9,0.6,0.1,1.6,0
Taurean Waller-Prince,20.0,10.0,3.4,1.2,3.1,39.3,0.4,1.2,29.2,0.6,0.7,85.7,0.2,1.8,2.0,0.7,0.3,0.3,0.7,0
Sam Young,80.0,16.5,7.4,2.8,6.2,45.1,0.1,0.7,19.6,1.7,2.2,77.7,1.0,1.6,2.5,0.7,0.4,0.3,1.2,0
Chris Hunter,60.0,13.1,4.5,1.8,3.6,50.2,0.0,0.1,0.0,0.9,1.2,75.4,0.9,1.9,2.8,0.6,0.2,0.6,0.5,0
Jon Brockman,52.0,12.6,2.8,1.1,2.0,53.4,0.0,0.0,0.0,0.7,1.2,59.7,2.0,2.1,4.1,0.4,0.3,0.1,0.4,0
Derrick Brown,57.0,9.4,3.3,1.2,2.6,46.3,0.0,0.1,28.6,0.8,1.3,66.7,0.5,0.8,1.4,0.3,0.4,0.2,0.3,0
DaJuan Summers,44.0,9.2,3.0,1.0,3.0,35.4,0.3,1.0,35.7,0.6,0.9,71.1,0.3,0.7,1.0,0.4,0.2,0.2,0.4,0
Cedric Jackson,12.0,6.3,1.7,0.5,1.7,30.0,0.1,0.5,16.7,0.6,1.0,58.3,0.2,0.5,0.7,1.2,0.3,0.2,0.9,0
Marcus Landry,18.0,6.2,2.4,0.9,2.4,37.2,0.5,1.6,32.1,0.2,0.3,60.0,0.3,0.8,1.1,0.0,0.1,0.1,0.3,0
Lester Hudson,25.0,5.2,2.3,0.8,2.1,39.6,0.2,0.6,31.3,0.4,0.5,84.6,0.3,0.4,0.7,0.5,0.3,0.1,0.6,0
Justise Winslow,78.0,28.6,6.4,2.5,5.9,42.2,0.4,1.5,27.6,1.0,1.5,68.4,1.0,4.1,5.2,1.5,0.9,0.3,1.2,0
Greg Oden,61.0,21.5,8.9,3.2,5.8,56.4,0.0,0.0,0.0,2.4,3.7,63.7,2.8,4.2,7.0,0.5,0.4,1.1,1.4,0
Kyle Weaver,56.0,20.8,5.3,2.0,4.4,45.9,0.6,1.7,34.4,0.7,1.0,70.7,0.6,1.8,2.3,1.8,0.8,0.5,1.2,0
Mike Taylor,51.0,15.1,5.7,2.2,5.2,41.2,0.3,0.8,32.5,1.1,1.6,69.1,0.4,1.3,1.7,2.1,0.7,0.0,1.4,0
Bobby Brown,68.0,13.7,5.3,2.1,5.3,39.2,0.7,1.9,34.6,0.5,0.6,79.1,0.2,0.6,0.8,1.7,0.3,0.0,0.9,0
Rob Kurz,40.0,11.1,3.9,1.3,3.3,38.9,0.4,1.0,39.5,1.0,1.3,80.0,0.8,1.2,2.0,0.5,0.3,0.5,0.4,0
Darnell Jackson,51.0,8.4,1.9,0.7,1.7,43.0,0.0,0.0,0.0,0.5,0.7,68.6,0.6,1.1,1.7,0.2,0.2,0.1,0.3,0
Sean Singletary,37.0,8.2,2.4,0.8,2.3,36.5,0.3,0.7,40.0,0.5,0.6,85.7,0.3,0.7,0.9,0.8,0.3,0.0,0.6,0
Stanley Johnson,73.0,23.1,8.1,3.1,8.2,37.5,0.9,2.8,30.7,1.1,1.4,78.4,0.8,3.4,4.2,1.6,0.8,0.2,1.6,0
Acie Law,56.0,15.4,4.2,1.7,4.2,40.1,0.1,0.6,20.6,0.7,0.9,79.2,0.2,0.8,1.0,2.0,0.5,0.0,1.0,0
Javaris Crittenton,50.0,13.6,5.6,2.0,4.7,42.1,0.2,0.7,27.0,1.4,2.1,69.2,0.5,1.7,2.2,1.0,0.4,0.0,1.1,0
Julian Wright,57.0,11.2,3.9,1.6,3.0,53.3,0.2,0.4,41.7,0.6,0.9,63.5,0.6,1.5,2.1,0.7,0.5,0.2,0.6,0
Chris Richard,52.0,10.7,1.9,0.8,1.7,47.1,0.0,0.0,0.0,0.3,0.5,59.3,1.0,1.6,2.6,0.3,0.2,0.2,0.5,0
Nick Fazekas,26.0,10.3,4.1,1.8,3.2,56.1,0.0,0.1,0.0,0.6,0.8,68.2,1.3,2.1,3.4,0.4,0.3,0.4,0.5,0
Jermareo Davidson,38.0,8.5,3.2,1.3,3.3,40.8,0.0,0.0,0.0,0.5,0.7,64.3,0.6,1.1,1.6,0.3,0.2,0.4,0.5,0
Mario West,64.0,4.2,0.9,0.3,0.8,42.9,0.0,0.1,0.0,0.3,0.4,65.4,0.4,0.3,0.8,0.2,0.2,0.1,0.1,0
Willie Cauley-Stein,66.0,21.4,7.0,2.9,5.1,56.3,0.0,0.0,0.0,1.2,1.9,64.8,2.0,3.3,5.3,0.6,0.7,1.0,0.7,0
Tarence Kinsey,48.0,20.1,7.7,2.9,6.3,45.7,0.3,1.0,28.3,1.6,2.0,79.6,0.6,1.4,2.0,0.9,1.1,0.0,1.0,0
Josh Richardson,52.0,21.3,6.6,2.4,5.2,45.2,1.0,2.2,46.1,0.8,1.2,66.7,0.4,1.7,2.1,1.4,0.7,0.5,0.7,0
Marcus Williams,79.0,16.6,6.8,2.6,6.7,39.5,0.6,2.1,28.2,0.9,1.1,84.7,0.4,1.7,2.1,3.3,0.4,0.0,1.8,0
Rondae Hollis-Jefferson,29.0,21.2,5.8,2.2,4.8,45.7,0.1,0.5,28.6,1.3,1.8,71.2,1.3,4.0,5.3,1.5,1.3,0.6,0.9,0
Allan Ray,47.0,15.1,6.2,2.1,5.5,38.6,1.0,2.5,41.4,0.9,1.2,76.4,0.4,1.1,1.5,0.9,0.4,0.1,0.9,0
Mardy Collins,52.0,14.9,4.5,1.7,4.4,38.2,0.3,0.9,27.7,0.9,1.6,58.5,0.5,1.5,2.0,1.6,0.6,0.1,1.1,0
Alexander Johnson,59.0,12.8,4.4,1.5,2.9,53.8,0.0,0.0,0.0,1.3,2.0,66.1,0.8,2.2,3.1,0.3,0.4,0.6,0.8,0
Cedric Simmons,43.0,12.4,2.9,1.3,3.1,41.7,0.0,0.0,0.0,0.4,0.8,48.5,1.0,1.5,2.5,0.3,0.2,0.5,0.5,0
Frank Kaminsky,81.0,21.1,7.5,2.7,6.5,41.0,0.8,2.5,33.7,1.3,1.8,73.0,0.9,3.3,4.1,1.2,0.5,0.5,0.7,0
David Noel,68.0,11.6,2.7,1.0,2.6,36.7,0.3,0.8,32.1,0.5,0.6,86.0,0.6,1.2,1.8,1.0,0.4,0.1,0.6,0
Josh Boone,61.0,11.0,4.2,1.6,2.8,57.9,0.0,0.0,0.0,0.9,1.7,54.4,1.0,1.8,2.9,0.2,0.2,0.3,0.5,0
Lynn Greer,41.0,10.5,4.1,1.5,3.4,43.3,0.4,1.3,34.6,0.7,0.8,84.4,0.0,0.6,0.7,1.3,0.4,0.0,0.4,0
Quincy Douby,42.0,8.5,2.8,1.1,3.0,38.1,0.3,1.2,24.0,0.3,0.4,73.3,0.3,0.6,0.9,0.4,0.4,0.1,0.4,0
Hassan Adams,61.0,8.1,2.9,1.2,2.2,55.6,0.0,0.0,0.0,0.4,0.6,66.7,0.6,0.7,1.3,0.2,0.3,0.1,0.4,0
Bobby Jones,44.0,7.6,2.5,1.0,2.1,46.2,0.0,0.2,11.1,0.5,0.9,56.1,0.5,0.8,1.3,0.4,0.3,0.0,0.4,0
Andre Brown,38.0,7.1,2.4,1.1,1.9,56.8,0.0,0.0,0.0,0.2,0.4,60.0,0.7,1.3,1.9,0.1,0.2,0.1,0.8,0
Larry Nance Jr.,63.0,20.1,5.5,2.5,4.8,52.7,0.0,0.2,10.0,0.5,0.7,68.1,1.6,3.3,5.0,0.7,0.9,0.4,0.7,0
Rashad McCants,79.0,17.2,7.9,3.1,6.8,45.0,0.8,2.3,37.2,1.0,1.3,73.6,0.4,1.4,1.8,0.8,0.6,0.3,1.1,0
Orien Greene,80.0,15.4,3.2,1.3,3.2,39.5,0.1,0.5,22.5,0.6,0.9,66.2,0.5,1.4,1.8,1.6,1.0,0.1,1.4,0
Daniel Ewing,66.0,14.7,3.8,1.5,3.9,38.0,0.3,1.2,28.2,0.5,0.7,78.3,0.3,0.9,1.3,1.3,0.6,0.1,0.9,0
Gerald Fitch,18.0,13.3,4.7,1.7,4.9,33.7,0.4,1.4,26.9,0.9,1.3,73.9,0.4,1.3,1.7,1.8,0.4,0.3,0.8,0
Wayne Simien,43.0,9.6,3.4,1.3,2.8,48.3,0.0,0.0,0.0,0.7,0.8,88.2,0.9,1.2,2.0,0.2,0.3,0.0,0.6,0
Donell Taylor,51.0,9.1,2.7,1.0,2.7,39.0,0.1,0.3,23.5,0.6,0.8,69.8,0.3,0.7,1.0,0.9,0.6,0.1,0.7,0
Malcolm Brogdon,32.0,22.9,8.3,3.2,6.9,46.2,0.9,2.1,44.1,0.9,1.1,85.7,0.4,2.1,2.5,3.6,1.0,0.1,1.5,0
Lawrence Roberts,33.0,5.5,1.5,0.6,1.3,45.5,0.0,0.1,0.0,0.3,0.7,47.8,0.8,0.7,1.5,0.2,0.2,0.1,0.1,0
Bobby Portis,62.0,17.8,7.0,3.0,7.0,42.7,0.3,0.8,30.8,0.8,1.1,72.7,2.0,3.5,5.4,0.8,0.4,0.3,0.9,0
Matt Freije,23.0,19.2,4.0,1.6,5.5,29.1,0.6,2.3,25.9,0.2,0.3,62.5,0.7,2.0,2.7,0.9,0.6,0.1,0.7,0
Jackson Vroman,46.0,15.3,4.6,1.8,4.3,41.2,0.0,0.1,0.0,1.0,1.6,64.0,1.4,2.4,3.8,0.9,0.5,0.4,1.4,0
Billy Thomas,25.0,14.2,3.7,1.4,3.8,36.2,0.7,2.2,30.4,0.3,0.4,77.8,0.3,1.2,1.4,0.7,0.6,0.0,0.4,0
Kirk Snyder,68.0,13.3,5.0,1.8,4.8,37.2,0.4,1.3,35.3,0.9,1.4,66.7,0.7,1.0,1.8,0.5,0.4,0.3,0.8,0
Andre Barrett,38.0,12.7,3.1,1.2,3.3,36.3,0.4,1.4,26.9,0.4,0.5,73.7,0.3,0.8,1.1,1.8,0.5,0.0,0.7,0
Lionel Chalmers,36.0,12.0,3.1,1.2,3.5,33.6,0.3,1.4,24.5,0.4,0.7,62.5,0.1,0.8,0.9,1.4,0.4,0.0,0.7,0
Jerian Grant,76.0,16.6,5.6,2.0,5.1,39.4,0.3,1.3,22.0,1.3,1.6,78.0,0.3,1.6,1.9,2.3,0.7,0.1,1.1,0
Donta Smith,38.0,11.4,3.3,1.2,3.0,38.9,0.2,0.6,27.3,0.9,1.3,68.8,0.5,0.9,1.4,1.0,0.6,0.1,0.7,0
Tyus Jones,37.0,15.5,4.2,1.5,4.2,35.9,0.4,1.4,30.2,0.8,1.1,71.8,0.2,1.1,1.3,2.9,0.8,0.1,0.9,0
Chris McCullough,24.0,15.1,4.7,1.8,4.5,40.4,0.5,1.4,38.2,0.5,1.0,47.8,1.0,1.8,2.8,0.4,1.2,0.5,0.6,0
Travis Hansen,41.0,12.4,3.0,1.1,3.2,35.4,0.2,0.7,30.0,0.5,0.7,81.5,0.7,1.0,1.7,0.5,0.2,0.2,0.4,0
Norman Powell,49.0,14.8,5.6,2.0,4.7,42.4,0.7,1.8,40.4,0.9,1.1,81.1,0.3,1.9,2.3,1.0,0.6,0.2,0.7,0
Reece Gaines,38.0,9.6,1.8,0.7,2.3,29.1,0.1,0.3,30.0,0.4,0.7,64.0,0.2,0.8,1.0,1.1,0.3,0.1,0.5,0
Richie Frahm,54.0,8.7,3.4,1.2,2.6,45.3,0.6,1.7,37.0,0.4,0.5,88.5,0.2,0.8,1.0,0.4,0.3,0.1,0.1,0
Jonathon Simmons,55.0,14.8,6.0,2.2,4.4,50.4,0.3,0.9,38.3,1.3,1.7,75.0,0.3,1.5,1.7,1.1,0.4,0.1,1.0,0
Junior Harrington,82.0,24.4,5.1,2.1,5.7,36.2,0.1,0.3,25.0,0.9,1.4,65.2,0.5,2.5,3.0,3.4,1.0,0.2,1.9,0
Dorian Finney-Smith,33.0,22.8,5.2,1.9,4.6,40.5,0.9,2.8,32.3,0.6,0.8,76.0,0.7,2.2,2.8,1.0,0.6,0.3,0.7,0
Rashad Vaughn,70.0,14.3,3.1,1.2,3.8,30.5,0.6,2.1,29.3,0.2,0.2,80.0,0.2,1.1,1.3,0.6,0.4,0.2,0.4,0
Vincent Yarbrough,59.0,23.4,6.9,2.8,7.3,39.3,0.4,1.3,26.9,0.8,1.1,79.0,0.6,2.1,2.7,2.2,1.0,0.6,1.4,0
Mike Batiste,75.0,16.6,6.4,2.6,6.2,42.2,0.2,1.1,22.2,0.9,1.2,78.4,1.1,2.3,3.4,0.7,0.6,0.2,0.9,0
Jarell Martin,27.0,14.1,5.7,2.0,4.3,46.6,0.0,0.1,0.0,1.7,2.3,72.6,1.4,1.7,3.2,0.6,0.3,0.3,0.7,0
Casey Jacobsen,72.0,15.9,5.1,1.7,4.5,37.3,0.7,2.3,31.5,1.0,1.5,68.6,0.4,0.8,1.2,1.0,0.5,0.1,0.8,0
Sean Lampley,35.0,13.9,4.8,1.6,3.7,43.4,0.0,0.1,0.0,1.6,2.3,69.5,0.7,1.6,2.4,0.9,0.2,0.1,0.7,0
Chris Jefferies,51.0,13.1,3.9,1.5,3.8,38.7,0.4,1.1,33.3,0.6,0.8,67.4,0.3,0.8,1.2,0.4,0.4,0.3,0.9,0
Lonny Baxter,55.0,12.4,4.8,1.7,3.7,46.6,0.0,0.0,0.0,1.3,1.9,68.0,1.2,1.8,3.0,0.3,0.2,0.4,0.8,0
Juaquin Hawkins,58.0,11.8,2.3,1.0,2.6,38.5,0.2,0.4,41.7,0.2,0.3,50.0,0.3,1.1,1.3,0.8,0.5,0.1,0.5,0
Richaun Holmes,51.0,13.8,5.6,2.2,4.4,51.4,0.2,0.9,18.2,1.0,1.5,68.9,1.2,1.4,2.6,0.6,0.4,0.8,0.6,0
Marcus Haislip,39.0,11.3,4.1,1.7,3.9,43.1,0.1,0.3,25.0,0.7,1.0,68.4,0.5,0.8,1.4,0.2,0.2,0.5,0.5,0
Ryan Humphrey,48.0,9.3,1.9,0.7,2.5,29.2,0.0,0.0,0.0,0.5,0.8,59.0,0.7,1.4,2.1,0.2,0.2,0.4,0.5,0
Tamar Slay,36.0,7.6,2.6,1.1,2.9,37.9,0.2,0.7,28.0,0.2,0.3,70.0,0.2,0.6,0.9,0.4,0.4,0.1,0.6,0
Cameron Payne,57.0,12.2,5.0,2.0,4.9,41.0,0.6,1.9,32.4,0.3,0.4,79.2,0.2,1.3,1.5,1.9,0.6,0.1,0.8,0
Adam Harrington,19.0,5.8,1.6,0.6,1.9,29.7,0.3,0.7,35.7,0.2,0.2,75.0,0.1,0.4,0.4,0.6,0.1,0.1,0.1,0
Justin Anderson,55.0,11.8,3.8,1.3,3.2,40.6,0.4,1.5,26.5,0.8,1.0,80.0,0.3,2.1,2.4,0.5,0.3,0.5,0.4,0
Terence Morris,68.0,16.3,3.8,1.6,4.3,38.4,0.2,1.1,19.2,0.3,0.4,64.3,1.1,2.0,3.1,0.9,0.3,0.4,0.7,0
Kenny Satterfield,36.0,15.6,5.3,2.0,5.5,36.7,0.2,0.8,25.9,1.0,1.3,78.3,0.5,1.0,1.4,3.0,0.9,0.0,1.5,0
Will Solomon,62.0,14.1,5.2,1.8,5.3,34.1,0.7,2.6,28.4,0.8,1.2,67.1,0.2,0.9,1.1,1.5,0.6,0.1,1.0,0
Lamar Patterson,35.0,11.3,2.4,0.8,2.3,35.0,0.3,1.4,24.5,0.5,0.6,72.7,0.1,1.3,1.4,1.1,0.3,0.1,0.7,0
Tierre Brown,40.0,10.1,3.1,1.2,2.9,42.6,0.1,0.3,33.3,0.5,0.7,75.0,0.3,0.8,1.1,1.8,0.5,0.1,1.0,0
Alton Ford,53.0,8.5,3.1,1.2,2.2,51.7,0.0,0.0,0.0,0.8,1.1,73.7,0.6,1.4,2.0,0.1,0.1,0.1,0.6,0
Joe Crispin,21.0,7.4,3.8,1.2,3.2,38.2,0.7,1.9,38.5,0.6,0.6,92.3,0.1,0.4,0.5,1.2,0.2,0.0,0.5,0
Brandon Armstrong,35.0,5.6,1.8,0.8,2.4,31.8,0.1,0.5,29.4,0.1,0.3,50.0,0.3,0.2,0.5,0.2,0.2,0.0,0.2,0
Willie Reed,39.0,10.9,4.7,1.9,3.4,57.1,0.0,0.0,0.0,0.8,1.4,54.5,1.3,1.9,3.1,0.3,0.1,0.8,0.4,0
Chris Porter,51.0,22.5,8.6,3.4,8.7,38.9,0.0,0.1,0.0,1.8,2.8,66.7,1.7,2.0,3.7,1.2,0.9,0.1,1.2,0
Courtney Alexander,65.0,21.3,9.5,3.7,8.8,41.7,0.3,0.7,37.0,1.9,2.3,82.0,0.6,1.6,2.2,1.0,0.7,0.1,1.1,0
Kelly Oubre,63.0,10.7,3.7,1.4,3.3,42.7,0.4,1.3,31.6,0.5,0.8,63.3,0.4,1.7,2.1,0.2,0.3,0.1,0.5,0
Khalid El-Amin,50.0,18.7,6.3,2.3,6.2,37.0,0.6,1.7,33.3,1.1,1.4,77.8,0.4,1.2,1.6,2.9,1.0,0.0,1.1,0
Mike Penberthy,53.0,16.1,5.0,1.7,4.2,41.4,1.0,2.6,39.6,0.5,0.6,90.3,0.2,1.0,1.2,1.3,0.4,0.0,0.6,0
Paul McPherson,55.0,10.8,4.8,2.0,3.9,50.5,0.0,0.2,16.7,0.8,1.1,72.4,0.7,0.7,1.4,0.7,0.5,0.1,0.8,0
Daniel Santiago,54.0,10.8,3.1,1.2,2.5,47.8,0.0,0.0,0.0,0.8,1.1,68.9,0.6,1.2,1.9,0.2,0.3,0.4,0.9,0
Isaiah Whitehead,25.0,22.6,6.7,2.6,6.4,41.3,0.5,1.8,28.3,0.9,1.2,76.7,0.2,2.0,2.2,3.0,0.7,0.5,2.2,0
Darrun Hilliard,38.0,10.1,4.0,1.4,3.4,39.7,0.5,1.3,38.0,0.8,1.1,72.5,0.1,1.1,1.2,0.7,0.2,0.0,0.5,0
Walt Szczerbiak,73.0,29.7,11.6,4.7,9.2,51.1,0.4,1.1,35.9,1.8,2.2,82.6,1.2,2.5,3.7,2.8,0.8,0.3,1.1,0
Vonteego Cummings,75.0,23.9,9.4,3.5,8.7,40.5,0.7,2.0,32.5,1.7,2.3,75.1,0.8,1.7,2.5,3.3,1.2,0.2,1.8,0
Chris Herren,45.0,13.3,3.1,1.0,2.8,36.3,0.5,1.5,35.8,0.6,0.9,67.5,0.3,0.9,1.2,2.5,0.3,0.0,0.9,0
Quincy Lewis,74.0,12.1,3.8,1.5,4.0,37.2,0.3,0.9,36.5,0.5,0.7,73.1,0.6,0.9,1.5,0.5,0.3,0.2,0.6,0
Cal Bowdler,46.0,9.2,2.7,1.1,2.5,42.6,0.0,0.0,0.0,0.5,0.8,63.2,0.5,1.4,1.8,0.3,0.3,0.2,0.5,0
Roy Rogers,40.0,8.9,2.2,0.9,2.2,39.8,0.0,0.0,0.0,0.5,1.0,46.3,0.8,1.2,2.0,0.2,0.1,0.9,0.3,0
William Avery,59.0,8.2,2.6,0.9,3.1,30.9,0.3,1.1,28.6,0.4,0.6,66.7,0.1,0.5,0.7,1.5,0.2,0.0,0.7,0
Lari Ketner,22.0,6.0,1.5,0.6,1.5,40.6,0.0,0.0,0.0,0.4,0.5,66.7,0.5,1.0,1.5,0.0,0.2,0.1,0.5,0
Tyrone Nesby,50.0,25.8,10.1,3.6,8.1,44.9,0.7,1.9,36.5,2.1,2.7,78.2,1.1,2.4,3.5,1.6,1.5,0.4,1.1,0
Jabari Parker,25.0,29.5,12.3,5.2,10.5,49.0,0.2,0.6,25.0,1.8,2.6,69.7,2.0,3.5,5.5,1.7,1.2,0.2,1.9,0
Cory Carr,42.0,14.9,4.1,1.7,5.1,32.9,0.1,0.7,16.7,0.6,0.8,75.0,0.2,1.0,1.2,1.6,0.5,0.2,1.1,0
J.R. Henderson,30.0,11.0,3.2,1.2,3.2,36.5,0.1,0.2,40.0,0.8,1.5,55.6,0.7,0.9,1.6,0.7,0.3,0.1,0.6,0
Corey Benjamin,31.0,10.3,3.8,1.4,3.8,37.6,0.1,0.5,21.4,0.9,1.3,67.5,0.5,0.8,1.3,0.3,0.3,0.3,0.7,0
Roshown McLeod,34.0,10.2,4.8,1.8,4.8,38.0,0.0,0.3,10.0,1.1,1.3,82.2,0.4,1.1,1.5,0.4,0.1,0.0,0.7,0
Toby Bailey,27.0,9.2,2.9,1.3,3.2,39.5,0.0,0.2,20.0,0.3,0.5,69.2,0.9,1.1,2.0,0.5,0.3,0.1,0.4,0
Marlon Garnett,24.0,8.5,2.1,0.6,2.1,29.4,0.3,1.0,26.1,0.6,0.8,75.0,0.1,0.8,0.9,0.8,0.2,0.0,0.5,0
Jordan Clarkson,59.0,25.0,11.9,4.5,10.1,44.8,0.6,2.1,31.4,2.2,2.7,82.9,0.9,2.3,3.2,3.5,0.9,0.2,1.6,0
Andrae Patterson,35.0,8.1,3.3,1.2,2.8,44.3,0.0,0.1,0.0,0.8,1.0,77.8,0.9,1.0,1.9,0.4,0.5,0.2,0.6,0
Gerald Brown,33.0,7.2,2.4,1.0,2.7,37.1,0.1,0.3,30.0,0.3,0.4,78.6,0.2,0.5,0.7,0.9,0.1,0.0,0.7,0
Cedric Henderson,82.0,30.8,10.1,4.2,8.8,48.0,0.0,0.0,0.0,1.7,2.3,71.6,0.9,3.1,4.0,2.0,1.2,0.6,2.0,0
Zach LaVine,77.0,24.7,10.1,3.7,8.8,42.2,0.7,2.2,34.1,1.9,2.3,84.2,0.4,2.4,2.8,3.6,0.7,0.1,2.5,0
Rodrick Rhodes,58.0,18.4,5.8,1.9,5.3,36.7,0.0,0.1,25.0,1.9,3.1,61.7,0.5,0.7,1.2,1.9,1.1,0.2,1.7,0
Jerald Honeycutt,38.0,13.9,6.4,2.4,5.8,40.7,0.8,2.0,37.7,0.9,1.5,62.1,0.7,1.7,2.4,0.9,0.5,0.2,1.3,0
Domantas Sabonis,34.0,21.1,6.4,2.6,6.0,43.9,1.0,2.4,39.8,0.1,0.2,57.1,0.5,3.1,3.6,1.3,0.6,0.5,1.1,0
Adreian Payne,32.0,23.1,6.7,2.8,6.9,41.4,0.0,0.3,11.1,0.9,1.4,65.2,1.5,3.6,5.1,0.9,0.6,0.3,1.4,0
Bubba Wells,39.0,10.1,3.3,1.2,3.0,41.4,0.0,0.2,16.7,0.8,1.1,72.1,0.6,1.2,1.7,0.9,0.4,0.1,0.8,0
Travis Williams,39.0,9.4,3.5,1.4,3.1,47.1,0.0,0.0,0.0,0.6,1.2,52.2,1.4,1.0,2.4,0.5,0.5,0.1,0.8,0
K.J. McDaniels,62.0,21.8,7.9,2.8,7.0,39.6,0.7,2.4,28.7,1.6,2.1,75.2,1.0,2.2,3.2,1.2,0.7,1.1,1.7,0
Chris Robinson,41.0,16.6,4.6,1.7,4.4,37.9,0.8,2.2,38.2,0.4,0.6,61.5,0.6,1.2,1.7,1.6,0.7,0.2,0.8,0
Ray Owes,57.0,10.4,3.1,1.3,3.2,41.7,0.0,0.1,20.0,0.5,0.8,56.5,1.1,1.7,2.9,0.3,0.3,0.3,0.4,0
Brett Szabo,70.0,9.5,2.2,0.8,1.7,44.6,0.0,0.0,0.0,0.6,0.9,73.8,0.8,1.6,2.4,0.2,0.2,0.5,0.6,0
Jerami Grant,65.0,21.2,6.3,1.9,5.4,35.2,0.8,2.4,31.4,1.8,3.0,59.1,0.8,2.3,3.0,1.2,0.6,1.1,1.3,0
Steve Hamer,35.0,7.7,2.2,0.9,1.6,52.6,0.0,0.1,0.0,0.5,0.8,55.2,0.5,1.2,1.7,0.2,0.1,0.1,0.4,0
Priest Lauderdale,35.0,5.1,3.2,1.4,2.5,55.1,0.0,0.0,0.0,0.4,0.7,56.5,0.5,0.8,1.2,0.3,0.0,0.3,1.1,0
Ashraf Amaya,54.0,20.4,6.3,2.2,4.7,48.0,0.0,0.0,0.0,1.8,2.8,65.1,2.1,3.5,5.6,0.6,0.4,0.2,1.1,0
Loren Meyer,72.0,17.6,5.0,2.0,4.6,43.9,0.0,0.2,27.3,1.0,1.4,68.6,1.6,2.8,4.4,0.8,0.3,0.4,0.9,0
Jimmy King,62.0,14.0,4.5,1.8,4.1,43.1,0.1,0.5,14.7,0.9,1.2,70.1,0.7,1.1,1.8,1.4,0.3,0.2,1.0,0
Shawn Respert,62.0,13.6,4.9,1.8,4.7,38.7,0.7,2.0,34.4,0.6,0.7,83.3,0.5,0.7,1.2,1.1,0.5,0.1,0.7,0
Shabazz Napier,51.0,19.8,5.1,1.7,4.5,38.2,0.8,2.3,36.4,0.9,1.1,78.6,0.3,1.9,2.2,2.5,0.8,0.1,1.6,0
Lawrence Moten,44.0,13.0,6.6,2.5,5.6,45.3,0.4,1.3,32.7,1.1,1.7,65.3,0.8,0.6,1.4,1.1,0.7,0.2,1.0,0
Terrence Rencher,36.0,11.3,2.9,0.9,2.8,33.0,0.3,0.8,31.0,0.9,1.3,67.4,0.3,1.0,1.2,1.5,0.4,0.1,1.2,0
Elijah Millsap,47.0,19.7,5.3,1.7,5.1,34.0,0.6,1.9,31.1,1.2,1.8,67.4,0.6,2.6,3.2,1.2,1.2,0.3,1.4,0
Jerome Allen,41.0,8.8,2.6,0.9,2.6,34.3,0.2,0.8,30.3,0.6,0.9,72.2,0.1,0.5,0.6,1.2,0.5,0.1,0.8,0
Junior Burrough,61.0,8.1,3.1,1.0,2.8,37.6,0.0,0.0,0.0,1.0,1.5,65.6,0.7,1.0,1.8,0.2,0.3,0.2,0.7,0
Lou Roe,49.0,7.6,1.8,0.7,1.8,35.6,0.0,0.2,22.2,0.5,0.7,75.0,0.6,1.0,1.6,0.3,0.2,0.2,0.3,0
Marques Bragg,53.0,7.0,2.5,1.0,2.3,45.0,0.0,0.0,0.0,0.4,0.8,56.1,0.7,0.8,1.5,0.2,0.3,0.1,0.5,0
Todd Mundt,33.0,4.6,1.1,0.5,1.2,39.0,0.0,0.0,0.0,0.2,0.2,62.5,0.3,0.5,0.8,0.1,0.1,0.1,0.1,0
Tarik Black,63.0,19.0,6.0,2.5,4.3,57.5,0.0,0.0,0.0,1.0,1.9,55.1,2.3,3.6,5.8,0.7,0.3,0.4,0.8,0
Tyler Johnson,32.0,18.8,5.9,2.2,5.2,41.9,0.6,1.5,37.5,1.0,1.5,68.1,0.4,2.1,2.5,1.3,1.0,0.3,0.9,0
Ryan Lorthridge,37.0,18.2,7.4,2.9,6.0,47.5,0.1,0.4,21.4,1.5,2.4,64.8,0.6,1.3,1.9,2.7,0.8,0.0,1.5,0
Derrick Alston,64.0,16.1,4.7,1.9,4.0,46.5,0.0,0.1,0.0,0.9,1.9,49.2,1.5,1.9,3.4,0.5,0.6,0.6,0.8,0
Anthony Tucker,62.0,15.8,3.9,1.5,3.4,45.7,0.0,0.0,0.0,0.8,1.3,61.4,0.7,2.0,2.7,1.1,0.7,0.2,0.9,0
B.J. Tyler,55.0,14.7,3.5,1.3,3.4,38.1,0.3,0.9,31.4,0.6,0.9,70.0,0.2,0.9,1.1,3.2,0.7,0.0,1.8,0
Jamie Watson,60.0,11.2,3.3,1.3,2.5,50.0,0.1,0.3,26.3,0.6,0.9,67.9,0.3,1.0,1.2,1.0,0.6,0.2,0.8,0
Tony Dumas,58.0,10.6,4.6,1.7,4.3,38.4,0.4,1.3,30.1,0.9,1.3,64.9,0.6,0.5,1.1,1.0,0.2,0.1,0.9,0
Dwayne Morton,41.0,9.6,4.1,1.2,3.1,38.8,0.2,0.6,36.0,1.4,2.1,68.2,0.5,0.9,1.4,0.4,0.3,0.4,0.7,0
Tim Breaux,42.0,8.1,3.0,1.1,2.9,37.2,0.1,0.6,24.0,0.8,1.2,65.3,0.4,0.4,0.8,0.4,0.3,0.1,0.4,0
Trevor Ruffin,49.0,6.5,4.8,1.7,4.0,42.6,0.8,2.0,38.4,0.6,0.8,71.1,0.2,0.3,0.5,1.0,0.3,0.0,1.0,0
Brooks Thompson,38.0,6.5,3.1,1.2,3.0,39.5,0.5,1.5,31.0,0.2,0.3,66.7,0.2,0.4,0.6,1.1,0.3,0.1,0.7,0
Aaron Gordon,47.0,17.0,5.2,2.0,4.4,44.7,0.3,1.0,27.1,0.9,1.3,72.1,1.0,2.6,3.6,0.7,0.5,0.5,0.8,0
Harold Ellis,49.0,18.8,8.7,3.2,6.0,54.5,0.0,0.1,0.0,2.2,3.0,71.1,1.9,1.2,3.1,0.6,1.5,0.0,0.9,0
Darren Morningstar,23.0,16.0,4.2,1.7,3.6,47.6,0.0,0.0,0.0,0.8,1.3,60.0,1.3,2.2,3.5,0.7,0.6,0.1,0.8,0
Markel Brown,47.0,16.6,4.6,1.6,4.5,36.2,0.4,1.4,26.6,1.0,1.2,82.5,0.3,1.9,2.3,0.8,0.7,0.3,0.6,0
Acie Earl,74.0,15.5,5.5,2.0,5.0,40.6,0.0,0.0,0.0,1.5,2.2,67.5,1.1,2.2,3.3,0.2,0.3,0.7,1.0,0
Mike Peplowski,55.0,12.1,3.2,1.4,2.6,53.9,0.0,0.0,0.0,0.4,0.8,54.5,0.9,2.2,3.1,0.4,0.3,0.5,0.6,0
Cleanthony Early,39.0,16.6,5.4,1.9,5.5,35.5,0.6,2.2,26.2,0.9,1.2,75.0,0.6,1.9,2.5,0.9,0.6,0.3,1.0,0
Josh Grant,53.0,7.2,3.0,1.1,2.8,40.4,0.3,1.2,27.9,0.4,0.5,75.9,0.5,1.2,1.7,0.5,0.3,0.1,0.6,0
Brian Davis,68.0,5.5,1.9,0.6,1.9,31.7,0.0,0.0,33.3,0.7,1.0,73.5,0.3,0.5,0.8,0.3,0.2,0.1,0.3,0
Walter Bond,74.0,21.3,8.0,3.1,7.6,40.2,0.1,0.6,16.7,1.7,2.3,77.2,0.7,1.9,2.6,1.6,1.0,0.2,1.5,0
Andre Spencer,20.0,21.1,9.4,3.7,8.2,44.8,0.0,0.1,0.0,2.1,2.7,75.9,1.9,2.2,4.1,1.2,0.8,0.3,1.3,0
Harold Miner,73.0,18.9,10.3,4.0,8.4,47.5,0.0,0.1,33.3,2.2,2.9,76.2,1.0,1.0,2.0,1.0,0.5,0.1,1.3,0
T.J. Warren,40.0,15.4,6.1,2.8,5.4,52.8,0.1,0.5,23.8,0.4,0.5,73.7,1.0,1.1,2.1,0.6,0.5,0.2,0.7,0
Byron Houston,79.0,16.1,5.3,1.8,4.1,44.6,0.0,0.1,28.6,1.6,2.5,66.5,1.5,2.5,4.0,0.9,0.6,0.5,1.1,0
Chris Smith,80.0,15.8,4.3,1.6,3.6,43.3,0.0,0.2,14.3,1.2,1.5,79.2,0.4,0.8,1.2,2.5,0.6,0.2,0.8,0
Marlon Maxey,43.0,12.1,5.4,2.2,3.9,55.0,0.0,0.0,0.0,1.0,1.6,64.3,1.5,2.3,3.8,0.3,0.3,0.4,0.9,0
